{
    "additionalForms": {
        "AL":{
            "terrorismExclusion": {
                "sfg": "Terrorism/NTQ-1%201-20%20Policyholder%20Disclosure%20%28Non-SFP%20Quote%29.pdf",
                "cup": "Terrorism/NTQ-1%201-20%20Policyholder%20Disclosure%20%28Non-SFP%20Quote%29.pdf"
            }
        },
        "AR":{
            "terrorismExclusion": {
                "sfg": "Terrorism/NTQ-1%201-20%20Policyholder%20Disclosure%20%28Non-SFP%20Quote%29.pdf",
                "cup": "Terrorism/NTQ-1%201-20%20Policyholder%20Disclosure%20%28Non-SFP%20Quote%29.pdf"
            }
        },
        "GA":{
            "terrorismExclusion": {
                "sfg": "Terrorism/NTQ-2GA%201-20%20Policyholder%20Disclosure%20%28SFP%20Quote%29.pdf",
                "cup": "Terrorism/NTQ-1GA%201-20%20Policyholder%20Disclosure%20%28Non-SFP%20Quote%29.pdf"
            }
        },
        "IA":{
            "terrorismExclusion": {
                "sfg": "Terrorism/NTQ-2%201-20%20Policyholder%20Disclosure%20%28SFP%20Quote%29.pdf",
                "cup": "Terrorism/NTQ-1%201-20%20Policyholder%20Disclosure%20%28Non-SFP%20Quote%29.pdf"
            }
        },
        "IL":{
            "terrorismExclusion": {
                "sfg": "Terrorism/NTQ-2%201-20%20Policyholder%20Disclosure%20%28SFP%20Quote%29.pdf",
                "cup": "Terrorism/NTQ-1%201-20%20Policyholder%20Disclosure%20%28Non-SFP%20Quote%29.pdf"
            },
            "ilMineSubsidence": {
                "sfg": "Forms/IL%20N%20179%205-15%20Illinois%20Notice%20and%20Waiver%20of%20Mine%20Subsidence%20Coverage.pdf"
            }
        },
        "KS":{
            "terrorismExclusion": {
                "sfg": "Terrorism/NTQ-1%201-20%20Policyholder%20Disclosure%20%28Non-SFP%20Quote%29.pdf",
                "cup": "Terrorism/NTQ-1%201-20%20Policyholder%20Disclosure%20%28Non-SFP%20Quote%29.pdf"
            }
        },
        "KY":{
            "terrorismExclusion": {
                "sfg": "Terrorism/NTQ-1%201-20%20Policyholder%20Disclosure%20%28Non-SFP%20Quote%29.pdf",
                "cup": "Terrorism/NTQ-1%201-20%20Policyholder%20Disclosure%20%28Non-SFP%20Quote%29.pdf"
            }
        },
        "MO":{
            "terrorismExclusion": {
                "sfg": "Terrorism/NTQ-2%201-20%20Policyholder%20Disclosure%20%28SFP%20Quote%29.pdf",
                "cup": "Terrorism/NTQ-1%201-20%20Policyholder%20Disclosure%20%28Non-SFP%20Quote%29.pdf"
            }, 
            "epliAcknowledgement": {
                "sfg": "Forms/MON-BOP-01%2012-11%20Missouri%20EPLI%20Acknowledgement%20Of%20Defense%20Costs%20Included%20Within%20The%20Limit%20of%20Liability.pdf"
            }
        },
        "MS":{
            "terrorismExclusion": {
                "sfg": "Terrorism/NTQ-1%201-20%20Policyholder%20Disclosure%20%28Non-SFP%20Quote%29.pdf",
                "cup": "Terrorism/NTQ-1%201-20%20Policyholder%20Disclosure%20%28Non-SFP%20Quote%29.pdf"
            }
        },
        "NE":{
            "terrorismExclusion": {
                "sfg": "Terrorism/NTQ-1%201-20%20Policyholder%20Disclosure%20%28Non-SFP%20Quote%29.pdf",
                "cup": "Terrorism/NTQ-1%201-20%20Policyholder%20Disclosure%20%28Non-SFP%20Quote%29.pdf"
            }
        },
        "OK":{
            "terrorismExclusion": {
                "sfg": "Terrorism/NTQ-1%201-20%20Policyholder%20Disclosure%20%28Non-SFP%20Quote%29.pdf",
                "cup": "Terrorism/NTQ-1%201-20%20Policyholder%20Disclosure%20%28Non-SFP%20Quote%29.pdf"
            }
        },
        "SC":{
            "terrorismExclusion": {
                "sfg": "Terrorism/NTQ-1%201-20%20Policyholder%20Disclosure%20%28Non-SFP%20Quote%29.pdf",
                "cup": "Terrorism/NTQ-1%201-20%20Policyholder%20Disclosure%20%28Non-SFP%20Quote%29.pdf"
            }
        },
        "SD":{
            "terrorismExclusion": {
                "sfg": "Terrorism/NTQ-1%201-20%20Policyholder%20Disclosure%20%28Non-SFP%20Quote%29.pdf",
                "cup": "Terrorism/NTQ-1%201-20%20Policyholder%20Disclosure%20%28Non-SFP%20Quote%29.pdf"
            }
        },
        "TN":{
            "terrorismExclusion": {
                "sfg": "Terrorism/NTQ-1%201-20%20Policyholder%20Disclosure%20%28Non-SFP%20Quote%29.pdf",
                "cup": "Terrorism/NTQ-1%201-20%20Policyholder%20Disclosure%20%28Non-SFP%20Quote%29.pdf"
            }
        },
        "TX":{
            "terrorismExclusion": {
                "sfg": "Terrorism/NTQ-1%201-20%20Policyholder%20Disclosure%20%28Non-SFP%20Quote%29.pdf",
                "cup": "Terrorism/NTQ-1%201-20%20Policyholder%20Disclosure%20%28Non-SFP%20Quote%29.pdf"
            }
        }
    }
}
