{"questions":{"q720":{"o":[{"value":10,"text":"Yes","r":"N"},{"value":11,"text":"No","r":"J"}],"d":10,"qt":"Are adequate smoke alarms installed and functional including in each room?","qy":"D","order":7200},"q723":{"o":[{"value":16,"text":"Yes","r":"N"},{"value":17,"text":"No","r":"F"}],"d":16,"qt":"Are all tenants required to carry insurance?","qy":"D","order":7230},"q725":{"o":[{"value":20,"text":"Yes","r":"F"},{"value":21,"text":"No","r":"N"}],"qt":"Are any buildings open-sided?","qy":"D","order":7250,"d":21},"q728":{"o":[{"value":27,"text":"No","r":"N"},{"value":26,"text":"Yes","r":"F"}],"d":27,"qt":"Are any items sold on consignment?","qy":"D","order":7280},"q731":{"o":[{"value":32,"text":"Yes","r":"F"},{"value":33,"text":"No","r":"N"}],"qt":"Are any trips sponsored by the church?","qy":"D","order":7310,"d":33},"q732":{"o":[{"value":35,"text":"No","r":"N"},{"value":34,"text":"Yes","r":"F"}],"d":35,"qt":"Are any units used for cold (refrigerated) storage?","qy":"D","order":7320},"q733":{"o":[{"value":36,"text":"Yes","r":"F"},{"value":37,"text":"No","r":"N"}],"qt":"Are any used or second hand goods sold?","qy":"D","order":7330,"d":37},"q734":{"o":[{"value":38,"text":"Yes","r":"F"},{"value":39,"text":"No","r":"N"}],"qt":"Are any used, recapped, or retreaded tires being sold?","qy":"D","order":7340,"d":39},"q735":{"o":[{"value":40,"text":"Yes","r":"N"},{"value":41,"text":"No","r":"F"}],"d":40,"qt":"Are beer and wine sales less than 35% of total receipts?","qy":"D","order":7350},"q737":{"o":[{"value":44,"text":"Yes","r":"F"},{"value":45,"text":"No","r":"N"}],"qt":"Are cooking facilities available in any units?","qy":"D","order":7370,"d":45},"q739":{"o":[{"value":49,"text":"No","r":"N"},{"value":48,"text":"Yes","r":"F"}],"d":49,"qt":"Are employees allowed to take customers cars home overnight?","qy":"D","order":7390},"q740":{"o":[{"value":50,"text":"Yes","r":"J"},{"value":51,"text":"No","r":"N"}],"qt":"Are extended / long-term stays permitted for more than a week?","qy":"D","order":7400,"d":51},"q742":{"o":[{"value":55,"text":"No","r":"F"},{"value":54,"text":"Yes","r":"N"}],"qt":"Are fire extinguishers on premises tagged and serviced on a regular basis?","qy":"D","order":7420,"d":54},"q743":{"o":[{"value":56,"text":"Yes","r":"N"},{"value":57,"text":"No","r":"F"}],"d":56,"qt":"Are flammable liquids stored in approved containers away from ignition sources?","qy":"D","order":7430},"q745":{"o":[{"value":60,"text":"Yes","r":"F"},{"value":61,"text":"No","r":"N"}],"qt":"Are guard dogs used for security on the premises?","qy":"D","order":7450,"d":61},"q749":{"o":[{"value":68,"text":"Yes","r":"N"},{"value":69,"text":"No","r":"F"}],"d":68,"qt":"Are paint and other flammables stored in a separate building or in a UL approved cabinet?","qy":"D","order":7490},"q755":{"o":[{"value":80,"text":"Yes","r":"N"},{"value":81,"text":"No","r":"F"}],"d":80,"qt":"Are the gates locked when the pool is closed?","qy":"D","da":"q755_undefined","order":8734},"q756":{"o":[{"value":82,"text":"Yes","r":"N"},{"value":83,"text":"No","r":"F"}],"d":82,"qt":"Are the pool depths marked?","qy":"D","da":"q756_undefined","order":8735},"q758":{"o":[{"value":86,"text":"Yes","r":"N"},{"value":87,"text":"No","r":"F"}],"d":86,"qt":"Are the pool rules posted?","qy":"D","da":"q758_undefined","order":8732},"q762":{"o":[{"value":95,"text":"No","r":"N"},{"value":94,"text":"Yes","r":"F"}],"d":95,"qt":"Are there any auto repair services provided such as tune-ups, lube/oil changes, brake work, etc?","qy":"D","order":7620},"q763":{"o":[{"value":96,"text":"Yes","r":"F"},{"value":97,"text":"No","r":"N"}],"qt":"Are there any customizing services offered?","qy":"D","order":7630,"d":97},"q767":{"o":[{"value":105,"text":"No","r":"N"},{"value":104,"text":"Yes","r":"J"}],"d":105,"qt":"Are there any water slides on the premises?","qy":"D","da":"q767_undefined","order":8737},"q768":{"o":[{"value":106,"text":"Yes","r":"N"},{"value":107,"text":"No","r":"F"}],"d":106,"qt":"Are there fire alarms and/or smoke alarms in each room?","qy":"D","order":7680},"q770":{"o":[{"value":110,"text":"Yes","r":"N"},{"value":111,"text":"No","r":"F"}],"d":110,"qt":"Are there saving devices available by the pool?","qy":"D","da":"q770_undefined","order":8733},"q772":{"o":[{"value":114,"text":"Yes","r":"J"},{"value":115,"text":"No","r":"N"}],"qt":"Are there tanning beds on the premises?","qy":"D","order":7720,"d":115},"q776":{"o":[{"value":122,"text":"Yes","r":"N"},{"value":123,"text":"No","r":"J"}],"d":122,"qt":"Do all rooms have interior entrances?","qy":"D","order":7760},"q779":{"o":[{"value":129,"text":"No","r":"N"},{"value":128,"text":"Yes","r":"F"}],"d":129,"qt":"Does any other organization use the premises?","qy":"D","order":7790},"q780":{"o":[{"value":130,"text":"Yes","r":"N"},{"value":131,"text":"No","r":"J"}],"d":130,"qt":"Does the annual percent of occupancy exceed 55%?","qy":"D","order":7800},"q782":{"o":[{"value":135,"text":"No","r":"F"},{"value":134,"text":"Yes","r":"N"}],"qt":"Does the applicant have an annual contract for servicing of the fire extinguishers?","qy":"D","order":7820,"d":134},"q783":{"o":[{"value":136,"text":"Yes","r":"F"},{"value":137,"text":"No","r":"N"}],"qt":"Does the applicant have any other business activities (other than self storage) on the premises?","qy":"D","order":7830,"d":137},"q786":{"o":[{"value":142,"text":"Yes","r":"F"},{"value":143,"text":"No","r":"N"}],"qt":"Does the applicant install and/or service alarm systems or electronic security systems?","qy":"D","order":7860,"d":143},"q787":{"o":[{"value":144,"text":"Yes","r":"F"},{"value":145,"text":"No","r":"N"}],"qt":"Does the applicant operate a linen supply service or an industrial laundry?","qy":"D","order":7870,"d":145},"q788":{"o":[{"value":146,"text":"Yes","r":"J"},{"value":147,"text":"No","r":"N"}],"qt":"Does the applicant operate any of the following; detective agency, security agency, patrol services, employment agency, welfare, financial services or labor union office?","qy":"D","order":7880,"d":147},"q789":{"o":[{"value":148,"text":"Yes","r":"F"},{"value":149,"text":"No","r":"N"}],"qt":"Does the applicant operate any type of machine shop on the premises?","qy":"D","order":7890,"d":149},"q793":{"o":[{"value":156,"text":"Yes","r":"J"},{"value":157,"text":"No","r":"N"}],"qt":"Does the applicant refill propane tanks?","qy":"D","order":7930,"d":157},"q795":{"o":[{"value":161,"text":"No","r":"N"},{"value":160,"text":"Yes","r":"F"}],"d":161,"qt":"Does the applicant sell products under its own label?","qy":"D","order":7950},"q796":{"o":[{"value":162,"text":"Yes","r":"N"},{"value":163,"text":"No","r":"F"}],"d":162,"qt":"Does the applicant take proper precautions to protect the property of others from overspray?","qy":"D","order":7960},"q803":{"o":[{"value":177,"text":"No","r":"F"},{"value":176,"text":"Yes","r":"N"}],"qt":"Does the premises gate have a keyboard touch pad or card entry?","qy":"D","order":8030,"d":176},"q804":{"o":[{"value":178,"text":"Yes","r":"F"},{"value":179,"text":"No","r":"N"}],"qt":"Does the restaurant have hours of operations past 12:00 a.m. (midnight)?","qy":"D","order":8040,"d":179},"q805":{"o":[{"value":180,"text":"Yes","r":"F"},{"value":181,"text":"No","r":"N"}],"qt":"Does the sale of beer, wine, and liquor exceed 30% of total sales?","qy":"D","order":8050,"d":181},"q806":{"o":[{"value":182,"text":"Yes","r":"F"},{"value":183,"text":"No","r":"N"}],"qt":"Does the sale of beer, wine, and liquor exceed 35% of total sales?","qy":"D","order":8060,"d":183},"q807":{"o":[{"value":184,"text":"Yes","r":"F"},{"value":185,"text":"No","r":"N"}],"qt":"Does the sale of beer, wine, and liquor exceed 50% of total sales?","qy":"D","order":8070,"d":185},"q808":{"o":[{"value":187,"text":"No","r":"N"},{"value":186,"text":"Yes","r":"F"}],"d":187,"qt":"Does the sale of beer, wine, and liquor exceed 75% of total sales?","qy":"D","order":8080},"q809":{"o":[{"value":188,"text":"Yes","r":"J"},{"value":189,"text":"No","r":"N"}],"qt":"Does the swimming pool have a diving board or slide?","qy":"D","da":"q809_undefined","order":8736,"d":189},"q810":{"o":[{"value":191,"text":"No","r":"N"},{"value":190,"text":"Yes","r":"F"}],"d":191,"qt":"Does this applicant operate a truck or trailer rental franchise or other operations from this premises? (U-Haul, Ryder,etc.)","qy":"D","order":8100},"q811":{"o":[{"value":192,"text":"Yes","r":"N"},{"value":193,"text":"No","r":"F"}],"d":192,"qt":"Does this risk meet the following general description of <a href='https://portal.colinsgrp.com/pdfs/TouchPoint/popup_LimitedCookingDescription.pdf' target='_blank' rel='noopener noreferrer'>Limited Cooking Description</a>?","qy":"D","order":8110},"q812":{"o":[{"value":194,"text":"Yes","r":"N"},{"value":195,"text":"No","r":"F"}],"d":194,"qt":"Does this risk meet the following general description of <a href='https://portal.colinsgrp.com/pdfs/TouchPoint/popup_FineDiningDefinition.pdf' target='_blank' rel='noopener noreferrer'>Fine Dining</a>?","qy":"D","order":8120},"q813":{"o":[{"value":196,"text":"Yes","r":"N"},{"value":197,"text":"No","r":"F"}],"d":196,"qt":"Has the applicant owned this restaurant or had restaurant management experience for a minimum of 3 years?","qy":"D","order":8130},"q814":{"o":[{"value":198,"text":"Yes","r":"N"},{"value":199,"text":"No","r":"F"}],"d":198,"qt":"Has the association/subdivision formally been turned over to a functioning HOA in accordance with the association's bylaws?","qy":"D","order":8140},"q816":{"o":[{"value":202,"text":"Yes","r":"N"},{"value":203,"text":"No","r":"F"}],"d":202,"qt":"Have the applicant's personnel successfully completed the CANA crematory operator certification program?","qy":"D","da":"q816_undefined","order":8662},"q821":{"o":[{"value":212,"text":"Yes","r":"N"},{"value":213,"text":"No","r":"N"}],"d":213,"qt":"If beer and/or wine are sold, are alcohol sales less than 35% of total sales?","qy":"D","order":8210},"q822":{"o":[{"value":215,"text":"No","r":"N"},{"value":214,"text":"Yes","r":"N"}],"d":214,"qt":"If beer and/or wine are sold, are alcohol sales less than 50% of total sales?","qy":"D","order":8220},"q826":{"o":[{"value":223,"text":"No","r":"N"},{"value":222,"text":"Yes","r":"N"}],"d":222,"qt":"If there are any liquor, beer or wine sales, does the management have a written procedure regarding ID/Age Identification, Drink Cut-off and management of an intoxicated person (provide details in remarks)?","qy":"D","order":8260},"q827":{"o":[{"value":224,"text":"Yes","r":"N"},{"value":225,"text":"No","r":"N"}],"d":225,"qt":"If there are any liquor, beer or wine sales, does the management require all servers to complete a formal alcohol awareness training course?","qy":"D","order":8270},"q829":{"o":[{"value":228,"text":"Yes","r":"N"},{"value":229,"text":"No","r":"N"}],"d":229,"qt":"If there are any liquor, beer or wine sales, has the business's liquor license ever been revoked or suspended?","qy":"D","order":8290},"q830":{"o":[{"value":230,"text":"Yes","r":"F"},{"value":231,"text":"No","r":"N"}],"qt":"Are there commercial cooking capabilities (deep fryer etc) in the clubhouse?","qy":"D","da":"q830_undefined","order":9990,"d":231},"q831":{"o":[{"value":232,"text":"Yes","r":"F"},{"value":233,"text":"No","r":"N"}],"qt":"Can the clubhouse be rented/used by residents for special events?","qy":"D","da":"q831_undefined","order":9985,"d":233},"q833":{"o":[{"value":237,"text":"No","r":"F"},{"value":236,"text":"Yes","r":"N"}],"qt":"If there is an elevator is there a maintenance agreement?","qy":"D","order":8330,"d":236},"q834":{"o":[{"value":238,"text":"Yes","r":"N"},{"value":239,"text":"No","r":"J"}],"d":238,"qt":"If there is any painting conducted on the premises is it within a UL approved paint booth?","qy":"D","order":8340},"q835":{"o":[{"value":241,"text":"No","r":"N"},{"value":240,"text":"Yes","r":"J"}],"d":241,"qt":"Is a daycare facility or school operated on premises?","qy":"D","order":8350},"q836":{"o":[{"value":242,"text":"Yes","r":"F"},{"value":243,"text":"No","r":"N"}],"qt":"Is alcohol sold?","qy":"D","order":8360,"d":243},"q840":{"o":[{"value":250,"text":"Yes","r":"J"},{"value":251,"text":"No","r":"N"}],"qt":"Is automobile salvage or auto parts salvage a part of the applicants operation?","qy":"D","order":8400,"d":251},"q842":{"o":[{"value":254,"text":"Yes","r":"F"},{"value":255,"text":"No","r":"N"}],"qt":"Is fur storage service provided?","qy":"D","order":8420,"d":255},"q844":{"o":[{"value":258,"text":"Yes","r":"N"},{"value":259,"text":"No","r":"F"}],"d":258,"qt":"Is money removed daily from premises?","qy":"D","order":8440},"q847":{"o":[{"value":264,"text":"Yes","r":"F"},{"value":265,"text":"No","r":"N"}],"qt":"Is outdoor cooking allowed on balcony or within 15 ft of bldg?","qy":"D","order":8470,"d":265},"q849":{"o":[{"value":268,"text":"Yes","r":"N"},{"value":269,"text":"No","r":"N"}],"d":269,"qt":"Is spray painting done?","qy":"D","order":8490},"q851":{"o":[{"value":273,"text":"No","r":"N"},{"value":272,"text":"Yes","r":"F"}],"d":273,"qt":"Is the applicant involved in computer engineering, software development, modification of software, data processing management, consultant, time rental, analysis and/or design of hardware and software packages for clients?","qy":"D","order":8510},"q852":{"o":[{"value":274,"text":"Yes","r":"F"},{"value":275,"text":"No","r":"N"}],"qt":"Is the applicant operating a tow truck service?","qy":"D","order":8520,"d":275},"q853":{"o":[{"value":277,"text":"No","r":"N"},{"value":276,"text":"Yes","r":"F"}],"d":277,"qt":"Is the association made up of only one family residence in each building?","qy":"D","order":8530},"q855":{"o":[{"value":280,"text":"Yes","r":"N"},{"value":281,"text":"No","r":"F"}],"d":280,"qt":"Is the association's new construction 100% complete?","qy":"D","order":8550},"q856":{"o":[{"value":282,"text":"Yes","r":"F"},{"value":283,"text":"No","r":"N"}],"qt":"Is the bar area open for business when full table service is not available?","qy":"D","order":8560,"d":283},"q857":{"o":[{"value":284,"text":"Yes","r":"J"},{"value":285,"text":"No","r":"N"}],"qt":"Is the business open 24 hours?","qy":"D","order":8570,"d":285},"q858":{"o":[{"value":286,"text":"Yes","r":"N"},{"value":287,"text":"No","r":"F"}],"d":286,"qt":"Is the complex fully fenced or enclosed?","qy":"D","order":8580},"q859":{"o":[{"value":289,"text":"No","r":"F"},{"value":288,"text":"Yes","r":"N"}],"qt":"Is the cremation chamber separated from the rest of the structure and are proper fire suppression systems installed?","qy":"D","da":"q859_undefined","order":8661,"d":288},"q860":{"o":[{"value":290,"text":"Yes","r":"N"},{"value":291,"text":"No","r":"F"}],"d":290,"qt":"Is the hood and duct cleaned at least quarterly by an independent contractor?","qy":"D","order":8600},"q862":{"o":[{"value":295,"text":"No","r":"N"},{"value":294,"text":"Yes","r":"N"}],"d":294,"qt":"Is the risk representative of any of the following <a href='https://portal.colinsgrp.com/pdfs/TouchPoint/popup_.pdf' target='_blank' rel='noopener noreferrer'>Classes or Characteristics</a>?","qy":"D","order":8620},"q864":{"o":[{"value":298,"text":"Yes","r":"F"},{"value":299,"text":"No","r":"N"}],"qt":"Is there a bar or cocktail lounge on the premises?","qy":"D","order":8640,"d":299},"q866":{"o":[{"value":302,"text":"Yes","r":"F"},{"value":303,"text":"No","r":"N"}],"qt":"Is there a crematorium on the premises?","qy":"D","order":8660,"d":303},"q871":{"o":[{"value":312,"text":"Yes","r":"F"},{"value":313,"text":"No","r":"N"}],"qt":"Is there a playground on the premises?","qy":"D","order":8710,"d":313},"q873":{"o":[{"value":316,"text":"Yes","r":"F"},{"value":317,"text":"No","r":"N"}],"qt":"Is there a swimming pool on the premises?","qy":"D","order":8730,"d":317},"q876":{"o":[{"value":322,"text":"Yes","r":"J"},{"value":323,"text":"No","r":"N"}],"qt":"Is there any asbestos removal done?","qy":"D","order":8760,"d":323},"q877":{"o":[{"value":324,"text":"Yes","r":"F"},{"value":325,"text":"No","r":"N"}],"qt":"Is there any auctioning of automobiles?","qy":"D","order":8770,"d":325},"q880":{"o":[{"value":331,"text":"No","r":"N"},{"value":330,"text":"Yes","r":"F"}],"d":331,"qt":"Is there any boiler work done?","qy":"D","order":8800},"q882":{"o":[{"value":334,"text":"Yes","r":"N"},{"value":335,"text":"No","r":"N"}],"d":335,"qt":"Is there any cooking that produces grease laden vapors (grilling, frying, charbroiling)?","qy":"D","order":8820},"q883":{"o":[{"value":337,"text":"No","r":"N"},{"value":336,"text":"Yes","r":"F"}],"d":337,"qt":"Is there any construction of retaining walls?","qy":"D","order":8830},"q888":{"o":[{"value":346,"text":"Yes","r":"F"},{"value":347,"text":"No","r":"N"}],"qt":"Is there any furniture assembly, gluing or refinishing being done?","qy":"D","order":8880,"d":347},"q889":{"o":[{"value":348,"text":"Yes","r":"F"},{"value":349,"text":"No","r":"N"}],"qt":"Is there any health or exercise facility on the premises?","qy":"D","order":8890,"d":349},"q890":{"o":[{"value":350,"text":"Yes","r":"F"},{"value":351,"text":"No","r":"N"}],"qt":"Is there any heavy truck, bus, motor home, farm implement, boat, motorcycle, or mobile equipment repair?","qy":"D","order":8900,"d":351},"q891":{"o":[{"value":352,"text":"Yes","r":"J"},{"value":353,"text":"No","r":"N"}],"qt":"Is there any installation of exterior insulation finishing systems (EIFS)?","qy":"D","order":8910,"d":353},"q892":{"o":[{"value":355,"text":"No","r":"N"},{"value":354,"text":"Yes","r":"F"}],"d":355,"qt":"Is there any installation of high pressure systems, caustics, flammables, gases or chemicals?","qy":"D","order":8920},"q893":{"o":[{"value":356,"text":"Yes","r":"J"},{"value":357,"text":"No","r":"N"}],"qt":"Is there any lead paint removal?","qy":"D","order":8930,"d":357},"q895":{"o":[{"value":361,"text":"No","r":"N"},{"value":360,"text":"Yes","r":"F"}],"d":361,"qt":"Is there any painting done at a height greater than 30 feet or 3 stories from grade?","qy":"D","order":8950},"q896":{"o":[{"value":362,"text":"Yes","r":"J"},{"value":363,"text":"No","r":"N"}],"qt":"Is there any painting of water or gas tanks, bridges or towers?","qy":"D","order":8960,"d":363},"q898":{"o":[{"value":366,"text":"Yes","r":"F"},{"value":367,"text":"No","r":"N"}],"qt":"Is there any purchase or resale of automobiles?","qy":"D","order":8980,"d":367},"q899":{"o":[{"value":368,"text":"Yes","r":"F"},{"value":369,"text":"No","r":"N"}],"qt":"Is there any rental of equipment to others?","qy":"D","order":8990,"d":369},"q900":{"o":[{"value":370,"text":"Yes","r":"F"},{"value":371,"text":"No","r":"N"}],"qt":"Is there any repackaging or relabeling?","qy":"D","order":9000,"d":371},"q902":{"o":[{"value":374,"text":"Yes","r":"F"},{"value":375,"text":"No","r":"N"}],"qt":"Is there any street or road work done?","qy":"D","order":9020,"d":375},"q903":{"o":[{"value":376,"text":"Yes","r":"F"},{"value":377,"text":"No","r":"N"}],"qt":"Is there any underground cable work done (street to road)?","qy":"D","order":9030,"d":377},"q904":{"o":[{"value":379,"text":"No","r":"N"},{"value":378,"text":"Yes","r":"F"}],"d":379,"qt":"Is there any woodworking done on the premises?","qy":"D","order":9040},"q906":{"o":[{"value":382,"text":"Yes","r":"F"},{"value":383,"text":"No","r":"N"}],"qt":"Is there any gaming or slot machines on the premises?","qy":"D","order":9060,"d":383},"q915":{"o":[{"value":401,"text":"No","r":"F"},{"value":400,"text":"Yes","r":"N"}],"qt":"Is this risk ADA compliant, including emergency lighting, marked and lighted exit doors and equipped with panic hardware?","qy":"D","order":9150,"d":400},"q917":{"o":[{"value":404,"text":"Yes","r":"F"},{"value":405,"text":"No","r":"N"}],"qt":"Is veterinary service provided for animals belonging to zoos, circuses, carnivals, rodeos, theatrical or other show enterprises?","qy":"D","order":9170,"d":405},"q918":{"o":[{"value":406,"text":"Yes","r":"F"},{"value":407,"text":"No","r":"N"}],"qt":"Is veterinary service provided for animals used for breeding or professional racing, show or delivering?","qy":"D","order":9180,"d":407},"q919":{"o":[{"value":408,"text":"Yes","r":"N"},{"value":409,"text":"No","r":"F"}],"d":408,"qt":"Was the complex originally designed as mini-storage facility?","qy":"D","order":9190},"q920":{"o":[{"value":410,"text":"Yes","r":"N"},{"value":411,"text":"No","r":"F"}],"d":410,"qt":"Were the buildings originally constructed for the building occupancy?","qy":"D","order":9200},"q923":{"o":[{"value":682,"text":"No","r":"N"},{"value":681,"text":"Yes","r":"F"}],"d":682,"qt":"Is furniture repair or rental done on premises?","qy":"D","order":9230},"q924":{"o":[{"value":683,"text":"Yes","r":"F"},{"value":684,"text":"No","r":"N"}],"qt":"Is fire restoration work done on premises?","qy":"D","order":9240,"d":684},"q926":{"o":[{"value":685,"text":"Yes","r":"N"},{"value":686,"text":"No","r":"N"}],"d":686,"qt":"Do students occupy part of the rental units?","qy":"D","order":9260},"q929":{"o":[{"value":687,"text":"Yes","r":"F"},{"value":689,"text":"No","r":"N"}],"qt":"Is roofing part of the gross annual revenue?","qy":"D","order":9290,"d":689},"q931":{"o":[{"value":690,"text":"Yes","r":"N"},{"value":691,"text":"No","r":"N"}],"d":691,"qt":"Is Tree Trimming part of the gross annual revenue?","qy":"D","order":9310},"q937":{"o":[{"value":692,"text":"Yes","r":"N"},{"value":693,"text":"No","r":"N"}],"d":693,"qt":"Are sales of guns or ammunition part of the total sales amount?","qy":"D","order":9370},"q940":{"o":[{"value":694,"text":"Yes","r":"F"},{"value":695,"text":"No","r":"N"}],"qt":"Is part of the work done in an industrial or manufacturing environment?","qy":"D","order":9400,"d":695},"q941":{"o":[{"value":451,"text":"Offsite","r":"F"},{"value":450,"text":"Onsite","r":"N"}],"qt":"Where is rental office located?","qy":"D","order":9410,"d":450},"q942":{"o":[{"value":585,"text":"Monitored Access","r":"N"},{"value":586,"text":"No Security Measures","r":"F"},{"value":587,"text":"Patrol","r":"N"},{"value":584,"text":"Key or Coded Entry","r":"N"}],"d":584,"qt":"Which of the following are in place for Building or Complex Security?","qy":"D","order":9420},"q944":{"o":[{"value":454,"text":"Yes","r":"N"},{"value":455,"text":"No","r":"N"}],"d":455,"qt":"Who are the tenants?","qy":"D","order":9440},"q946":{"o":[{"value":459,"text":"No","r":"N"},{"value":458,"text":"Yes","r":"F"}],"d":459,"qt":"Any demolition or wrecking work?","qy":"D","order":9460},"q947":{"o":[{"value":460,"text":"Yes","r":"F"},{"value":461,"text":"No","r":"N"}],"qt":"Any exposure to flammables, explosives or chemicals?","qy":"D","order":9470,"d":461},"q949":{"o":[{"value":464,"text":"Yes","r":"J"},{"value":465,"text":"No","r":"N"}],"qt":"Any Past Losses or Claims relating to sexual abuse or molestation allegations, discrimination or negligent hiring?","qy":"D","order":9490,"d":465},"q952":{"o":[{"value":470,"text":"Yes","r":"F"},{"value":471,"text":"No","r":"N"}],"qt":"Any use of cranes?","qy":"D","order":9520,"d":471},"q961":{"o":[{"value":488,"text":"Yes","r":"F"},{"value":489,"text":"No","r":"N"}],"qt":"Are you involved in manufacturing, mixing, re labeling or repackaging of products?","qy":"D","order":9610,"d":489},"q963":{"o":[{"value":492,"text":"Yes","r":"F"},{"value":493,"text":"No","r":"N"}],"qt":"Do any operations include blasting or utilize or store explosive material?","qy":"D","order":9630,"d":493},"q964":{"o":[{"value":494,"text":"Yes","r":"F"},{"value":495,"text":"No","r":"N"}],"qt":"Do any operations include excavation, tunneling, underground work or earth moving?","qy":"D","order":9640,"d":495},"q966":{"o":[{"value":499,"text":"No","r":"N"},{"value":498,"text":"Yes","r":"F"}],"d":499,"qt":"Do subcontractors carry coverages or limits less than the applicant?","qy":"D","order":9660},"q971":{"o":[{"value":508,"text":"Yes","r":"J"},{"value":509,"text":"No","r":"N"}],"qt":"Does applicant engage in exterior erection, construction, or maintenance at heights in excess of three stories?","qy":"D","order":9710,"d":509},"q972":{"o":[{"value":511,"text":"No","r":"N"},{"value":510,"text":"Yes","r":"J"}],"d":511,"qt":"Does the applicant carry dealer plates?","qy":"D","order":9720},"q975":{"o":[{"value":516,"text":"Yes","r":"F"},{"value":517,"text":"No","r":"N"}],"qt":"Does the applicant perform road emergency services?","qy":"D","order":9750,"d":517},"q976":{"o":[{"value":518,"text":"Yes","r":"F"},{"value":519,"text":"No","r":"N"}],"qt":"Does the applicant rent, lease, or loan vehicles to others?","qy":"D","order":9760,"d":519},"q981":{"o":[{"value":528,"text":"Yes","r":"F"},{"value":529,"text":"No","r":"N"}],"qt":"Is bridge, dam or marine work performed?","qy":"D","order":9810,"d":529},"q986":{"o":[{"value":538,"text":"Yes","r":"F"},{"value":539,"text":"No","r":"N"}],"qt":"Is there any work done in or around airport construction or repair?","qy":"D","order":9860,"d":539},"q987":{"o":[{"value":541,"text":"No","r":"N"},{"value":540,"text":"Yes","r":"F"}],"d":541,"qt":"Is there any work done in or around burglar alarm design, installation or repair?","qy":"D","order":9870},"q988":{"o":[{"value":542,"text":"Yes","r":"F"},{"value":543,"text":"No","r":"N"}],"qt":"Is there any work done in or around explosive environments (paints, solvents, etc.)?","qy":"D","order":9880,"d":543},"q989":{"o":[{"value":545,"text":"No","r":"N"},{"value":544,"text":"Yes","r":"F"}],"d":545,"qt":"Is there any work done in or around fire alarm or automatic sprinkler design, installation or repair?","qy":"D","order":9890},"q990":{"o":[{"value":546,"text":"Yes","r":"J"},{"value":547,"text":"No","r":"N"}],"qt":"Is there any work done in or around hazardous material abatement?","qy":"D","order":9900,"d":547},"q991":{"o":[{"value":548,"text":"Yes","r":"F"},{"value":549,"text":"No","r":"N"}],"qt":"Is there any work done in or around high voltage (over 480 volts) or high amperage?","qy":"D","order":9910,"d":549},"q992":{"o":[{"value":550,"text":"Yes","r":"F"},{"value":551,"text":"No","r":"N"}],"qt":"Is there any work done in or around hospitals?","qy":"D","order":9920,"d":551},"q994":{"o":[{"value":554,"text":"Yes","r":"F"},{"value":555,"text":"No","r":"N"}],"qt":"Is there any work done in or around power lines?","qy":"D","order":9940,"d":555},"q995":{"o":[{"value":556,"text":"Yes","r":"F"},{"value":557,"text":"No","r":"N"}],"qt":"Is there any work done in or around power plants?","qy":"D","order":9950,"d":557},"q996":{"o":[{"value":558,"text":"Yes","r":"F"},{"value":559,"text":"No","r":"N"}],"qt":"Is there any work done in or around traffic signal work?","qy":"D","order":9960,"d":559},"q1009":{"o":[{"value":623,"text":"No","r":"N"},{"value":622,"text":"Yes","r":"F"}],"d":623,"qt":"Does the value of MRI, Cat Scan or other diagnostic equipment at this location exceed $250,000?","qy":"D","order":9965},"q1012":{"o":[{"value":629,"text":"Yes","r":"N"},{"value":630,"text":"No","r":"F"}],"d":629,"qt":"Are all pool water pipes insulated to prevent freezing?","qy":"D","da":"q1012_undefined","order":8731},"q1013":{"o":[{"value":631,"text":"Yes","r":"F"},{"value":632,"text":"No","r":"N"}],"qt":"Is there a clubhouse on the premise?","qy":"D","order":9980,"d":632},"q1014":{"o":[{"value":633,"text":"Yes","r":"N"},{"value":634,"text":"No","r":"F"}],"d":633,"qt":"Are all clubhouse water pipes insulated to prevent freezing?","qy":"D","da":"q1014_undefined","order":9995},"q1015":{"o":[{"value":635,"text":"Yes","r":"N"},{"value":636,"text":"No","r":"F"}],"d":635,"qt":"Is a UL approved spray booth equipped with an automatic fire suppression system utilized for the painting?","qy":"D","da":"q1015_undefined","order":8491},"q1016":{"o":[{"value":640,"text":"No","r":"N"},{"value":639,"text":"Yes","r":"N"}],"d":639,"qt":"Are any business vehicles ALSO used for personal use?","qy":"D","order":20110},"q1018":{"o":[{"value":641,"text":"Yes","r":"N"},{"value":642,"text":"No","r":"N"}],"d":642,"qt":"Are any of these vehicles used by family members?","qy":"D","da":"q1018_undefined","order":20120},"q1020":{"qt":"Family members must be listed as drivers on the policy.","qy":"S","da":"q1020_undefined","order":20130},"q1048":{"o":[{"value":697,"text":"No","r":"N"},{"value":696,"text":"Yes","r":"F"}],"d":697,"qt":"Does the cost of subcontracted work exceed more than 10% of the contractor's total annual gross sales?","qy":"D","order":9996},"q1049":{"o":[{"value":698,"text":"Yes","r":"F"},{"value":699,"text":"No","r":"N"}],"qt":"Is the furniture repair or rental on premises more than 10% of annual receipts?","qy":"D","da":"q1049_undefined","order":9231,"d":699},"q1050":{"o":[{"value":701,"text":"No","r":"N"},{"value":700,"text":"Yes","r":"F"}],"d":701,"qt":"Is the fire restoration work more than 10% of the total work done?","qy":"D","da":"q1050_undefined","order":9241},"q1051":{"o":[{"value":702,"text":"Yes","r":"F"},{"value":703,"text":"No","r":"N"}],"qt":"Do students occupy more than 10% of the rental units?","qy":"D","da":"q1051_undefined","order":9261,"d":703},"q1052":{"o":[{"value":704,"text":"Yes","r":"F"},{"value":705,"text":"No","r":"N"}],"qt":"Is roofing more than 10% of the gross annual revenue?","qy":"D","da":"q1052_undefined","order":9291,"d":705},"q1053":{"o":[{"value":706,"text":"Yes","r":"F"},{"value":707,"text":"No","r":"N"}],"qt":"Is tree trimming more than 10% of gross annual revenue?","qy":"D","da":"q1053_undefined","order":9311,"d":707},"q1054":{"o":[{"value":708,"text":"Yes","r":"F"},{"value":709,"text":"No","r":"N"}],"qt":"Is the sale of guns or ammunition more than 10% of the total sales amount?","qy":"D","da":"q1054_undefined","order":9371,"d":709},"q1055":{"o":[{"value":711,"text":"No","r":"N"},{"value":710,"text":"Yes","r":"F"}],"d":711,"qt":"Is more than 10% of work done in an industrial or manufacturing environment?","qy":"D","da":"q1055_undefined","order":9401},"q1056":{"o":[{"value":712,"text":"Yes","r":"N"},{"value":713,"text":"No","r":"F"}],"d":712,"qt":"Is there a UL compliant ansul system?","qy":"D","da":"q1056_undefined","order":8821},"q1057":{"o":[{"value":715,"text":"No","r":"N"},{"value":714,"text":"Yes","r":"F"}],"d":715,"qt":"Are other type services such as massage, tanning, permanent makeup and eyelash extensions provided?","qy":"D","order":9999}}}
