{
  "capQuestions": {
    "q1016": {
      "o": [
        { "value": 639, "text": "Yes", "r": "N" },
        { "value": 640, "text": "No", "r": "N" }
      ],
      "d": 640,
      "qt": "Are any business vehicles ALSO used for personal use?",
      "qy": "D",
      "order": 20110
    },
    "q1018": {
      "o": [
        { "value": 641, "text": "Yes", "r": "N" },
        { "value": 642, "text": "No", "r": "N" }
      ],
      "d":642,
      "qt": "Are any of these vehicles used by family members?",
      "qy": "D",
      "da": "q1016_639",
      "order": 20120
    },
    "q1020": {
      "qt": "Family members must be listed as drivers on the policy.",
      "qy": "S",
      "da": "q1018_641",
      "order": 20130
    },
    "q1021": {
      "o": [
        { "value": 645, "text": "Yes", "r": "F" },
        { "value": 646, "text": "No", "r": "N" }
      ],
      "d": 646,
      "qt": "Do you display a USDOT Number registered to your business on the side of any vehicle?",
      "qy": "D",
      "order": 20140
    },
    "q1023": {
      "o": [
        { "value": 655, "text": "Yes", "r": "F" },
        { "value": 656, "text": "No", "r": "N" }
      ],
      "d": 656,
      "qt": "Do you do any hauling for hire?",
      "qy": "D",
      "order": 20260
    }
  }
}
