{
  "ineligibleClasses": [
    "77002",
    "77003",
    "77004",
    "77005",
    "77011",
    "77012",
    "77015",
    "77017",
    "77020",
    "77021",
    "77023",
    "77025",
    "77029",
    "77030",
    "77031",
    "77033",
    "77034",
    "77035",
    "77045",
    "77047",
    "77048",
    "77051",
    "77054",
    "77058",
    "77059",
    "77061",
    "77062",
    "77071",
    "77074",
    "77075",
    "77081",
    "77085",
    "77087",
    "77089",
    "77096",
    "77401",
    "77502",
    "77503",
    "77504",
    "77505",
    "77506",
    "77507",
    "77521",
    "77536",
    "77547",
    "77571",
    "77586",
    "77587",
    "77598"
  ],
  "condoClasses": ["60989", "60999", "69145"],
  "attorneyClasses": ["63921", "63931"],
  "animalClasses": ["59997", "64181", "64191"],
  "motelClasses": ["69151", "69161", "69171"],
  "opticalHearingClasses": ["50721", "59954", "50571", "59974"],
  "pharmacistClasses": ["59116", "50481", "54321", "54331", "54341", "54351"],
  "vetClasses": ["64181", "64191", "59997"],
  "casualDiningClasses": ["09611", "09631", "09651", "09421"],
  "fineDiningClasses": ["09421", "09451", "09431", "09441"],
  "liquorLiabilityReferClasses": [
    "44071",
    "69151",
    "69161",
    "69171",
    "09321",
    "09331",
    "09341",
    "09351",
    "09361"
  ],
  "contractorsErrorsAndOmissionsClasses": [
    "74561",
    "74541",
    "74771",
    "74781",
    "75781",
    "75791",
    "75811",
    "75821"
  ],
  "residentialCleaningAllowed": [
    "74251",
    "74261",
    "76221",
    "76231",
    "76171",
    "76181"
  ],
  "restaurantClasses": [
    "09611",
    "09671",
    "09621",
    "09681",
    "09641",
    "09651",
    "09691",
    "09661",
    "09001",
    "09021",
    "09031",
    "09051",
    "09071",
    "09091",
    "09111",
    "09131",
    "09151",
    "09161",
    "09181",
    "09191",
    "09201",
    "09221",
    "09241",
    "09251",
    "09421",
    "09451",
    "09431",
    "09441",
    "09011",
    "09041",
    "09061",
    "09081",
    "09101",
    "09121",
    "09141",
    "09171",
    "09211",
    "09231",
    "09261",
    "09351"
  ],
  "limitedCookingClasses": [
    "09011",
    "09041",
    "09061",
    "09081",
    "09101",
    "09121",
    "09141",
    "09171",
    "09211",
    "09231",
    "09261"
  ],
  "apartmentClasses":[
    "65144",
    "65145",
    "65146",
    "65147"
  ],
  "boardingHouseClasses":[
    "65132",
    "65133",
    "65141",
    "65142"
  ],
  "dwellingClasses":[
    "65141",
    "65142",
    "65145"
  ],
  "convenienceStoreClasses":[
    "09331",
    "09341",
    "09351",
    "09361"
  ],
  "distributorClasses":[
    "12361",
    "12362"
  ],
  "canopyClasses":[
    "09321",
    "09351",
    "09361",
    "13453",
    "13454",
    "54231",
    "54331",
    "54351"
  ]
}
