{
  "windHail_AL_refer": [
    "Houston",
    "Henry",
    "Dale",
    "Coffee",
    "Barbour",
    "Butler"
  ],
  "windHail_AL_error": [
    "Mobile",
    "Baldwin",
    "Escambia",
    "Conecuh",
    "Covington",
    "Geneva",
    "Washington",
    "Clarke",
    "Monroe"
  ],
  "windHail_GA_refer": [
    "Chatham",
    "Bryan",
    "Camden",
    "Glynn",
    "Liberty",
    "McIntosh"
  ],
  "windHail_MS_refer": [
    "Amite",
    "Lamar",
    "Pike",
    "Forrest",
    "Marion",
    "Walthall",
    "Greene",
    "Perry",
    "Wilkinson"
  ],
  "windHail_MS_error": [
    "George",
    "Harrison",
    "Pearl River",
    "Hancock",
    "Jackson",
    "Stone"
  ],
  "windHail_TX_mandatory": [
		"Bee",
		"Brooks",
		"Fort Bend",
		"Goliad",
		"Hardin",
		"Harris",
		"Hidalgo",
		"Jackson",
		"Jim Wells",
		"Liberty",
		"Live Oak",
		"Montgomery",
		"Orange",
		"Victoria",
		"Wharton"
  ],
  "ilMineSubsidenceRejection": [
    "Bond",
    "Bureau",
    "Christian",
    "Clinton",
    "Douglas",
    "Franklin",
    "Fulton",
    "Gallatin",
    "Grundy",
    "Jackson",
    "Jefferson",
    "Knox",
    "LaSalle",
    "La Salle",
    "Logan",
    "McDonough",
    "Macoupin",
    "Madison",
    "Marion",
    "Marshall",
    "Menard",
    "Mercer",
    "Montgomery",
    "Peoria",
    "Perry",
    "Putnam",
    "Randolph",
    "Rock Island",
    "RockIsland",
    "St. Clair",
    "Saint Clair",
    "SaintClair",
    "St Clair",
    "StClair",
    "Ste Clair",
    "SteClair",
    "Ste. Clair",
    "Saline",
    "Sangamon",
    "Tazewell",
    "Vermilion",
    "Washington",
    "Williamson"
  ],
  "earthquake_counties": {
    "AL": {
      "hazardGrade_10": ["DeKalb", "Escambia"]
    },
    "AR": {
      "hazardGrade_10": ["Craighead", "Mississippi", "Poinsett"],
      "hazardGrade_9": ["Clay", "Crittenden", "Cross", "Greene", "Randolph"],
      "hazardGrade_8": ["Fulton", "Independence", "Izard", "Jackson", "Lawrence", "Lee", "Sharp", "Saint Francis", "Monroe", "Woodruff"],
      "hazardGrade_7": ["Arkansas", "Cleburne"," Desha", "Phillips", "Stone"] 
    },
    "IL": {
      "hazardGrade_10": ["Alexander", "Johnson", "Massac", "Pulaski", "Union"],
      "hazardGrade_9": ["Hardin", "Jackson", "Pope", "Randolph"],
      "hazardGrade_8": ["Edwards", "Franklin", "Gallatin", "Hamilton", "Jefferson", "Monroe", "Perry", "Saline", "Washington", "Wayne", "White", "Williamson"],
      "hazardGrade_7": [
        "Bond", 
        "Clay", 
        "Clinton", 
        "Crawford", 
        "Effingham", 
        "Fayette", 
        "Jasper", 
        "Lawrence", 
        "Madison", 
        "Marion", 
        "Richland",  
        "St. Clair",
        "Saint Clair",
        "SaintClair",
        "St Clair",
        "StClair",
        "Ste Clair",
        "SteClair",
        "Ste. Clair", 
        "Wabash"
      ] 
    },
    "KS": {
      "hazardGrade_10": ["Sumner"],
      "hazardGrade_9": ["Barber", "Cowley", "Harper"],
      "hazardGrade_8": ["Sedgwick"],
      "hazardGrade_7": ["Butler", "Kingman"]
    },
    "KY": {
      "hazardGrade_10": ["Ballard", "Fulton"],
      "hazardGrade_9": ["Carlisle", "Hickman", "McCracken"],
      "hazardGrade_8": ["Graves", "Livingston"],
      "hazardGrade_7": ["Calloway", "Crittenden", "Davies", "Henderson", "Hopkins", "Lyon", "Marshall",
        "McLean", "Muhlenberg", "Ohio", "Union", "Webster"]
    },
    "MO": {
      "hazardGrade_10": ["Mississippi", "New Madrid", "Pemiscot", "Stoddard"],
      "hazardGrade_9": ["Dunklin", "Perry", "Scott"],
      "hazardGrade_8": ["Bollinger", "Butler", "Cape Girardeau", "Jefferson", "St. Francois", "Ste. Genevieve", "Sainte Genevieve", "Wayne"],
      "hazardGrade_7": ["Carter", "Iron", "Lewis", "Lincoln", "Madison", "Marion", "Montgomery", "Oregon", "Pike", "Ralls", "Reynolds", "Ripley", "Saint Charles", "Saint Louis", "Warren"] 
    },
    "MS": {
      "hazardGrade_10": ["De Soto", "Desoto", "DeSoto"],
      "hazardGrade_9": ["Marshall", "Tate", "Tunica"],
      "hazardGrade_8": ["Alcorn", "Benton", "Coahama", "Lafayette", "Panola", "Quitman", "Tippah", "Union"]
    },
    "OK": {
      "hazardGrade_10": ["Alfalfa", "Grant", "Lincoln", "Logan", "Oklahoma"],
      "hazardGrade_9": ["Garfield", "Kay", "Kingfisher", "Major", "Noble", "Payne", "Woods"],
      "hazardGrade_8": ["Okfuskee", "Creek"],
      "hazardGrade_7": ["Canadian", "Cleveland", "McClain", "Pottawatomie", "Seminole"]
    },
    "TN": {
      "hazardGrade_9": ["Crockett", "Haywood", "Lauderdale", "Shelby", "Dyer", "Lake", "Obion", "Tipton"],
      "hazardGrade_8": ["Fayette", "Hardeman", "Henry", "Madison", "Gibson", "Weakley"],
      "hazardGrade_5": ["Robertson"]
    }
  }
}
