{
  "sfg_policy_IL": ["CDHR"],
  "sfg_policy_contractors": ["CDAA", "CDBP", "CDCO", "CDDC"],
  "sfg_policy_autoservice": ["CDBG", "CDVL"],
  "sfg_policy_churches": ["CDPC", "CDSM"],
  "sfg_location_premier": ["CDAS", "CDCT", "CDPF", "CDPX", "CDPE"],
  "sfg_professional_liability": ["CDBB", "CDBS", "CODO", "CDFD", "CDOH", "CDPC", "PLPM", "CDPN", "CDSC", "VETL"],

  "sfg_URLs": {
    "CDAS": [
      {
        "urlSum": "https://portal.colinsgrp.com/pdfs/PremierEndorsements/Premier_GB510_Final.pdf",
        "urlPDF": "https://portal.colinsgrp.com/pdfs/Forms/GB-510%206-18%20Businessowners%20Premier%20Endorsement%20-%20Auto%20Service.pdf"
      }
    ],
    "CDCT": [
      {
        "urlSum": "https://portal.colinsgrp.com/pdfs/PremierEndorsements/Premier_CB510_Final.pdf",
        "urlPDF": "https://portal.colinsgrp.com/pdfs/Forms/CB-510%206-17%20Businessowners%20Premier%20Endorsement%20Contractors%20.pdf"
      }
    ],
    "CDPF": [
      {
        "urlSum": "https://portal.colinsgrp.com/pdfs/PremierEndorsements/Premier_BO-561_BO-571_Final.pdf",
        "urlPDF": "https://portal.colinsgrp.com/pdfs/Forms/BO-571%206-17%20Businessowners%20Premier%20Endorsement%20-%20Fine%20Dining%20Restaurants.pdf"
      }
    ],
    "CDPX": [
      {
        "urlSum": "https://portal.colinsgrp.com/pdfs/PremierEndorsements/Premier_BO-561_BO-571_Final.pdf",
        "urlPDF": "https://portal.colinsgrp.com/pdfs/Forms/BO-561%206-18%20Businessowners%20Premier%20Endorsement%20-%20Restaurants.pdf"
      }
    ],
    "CDPE": [
      {
        "urlSum": "https://portal.colinsgrp.com/pdfs/PremierEndorsements/Premier_BO-510_Final.pdf",
        "urlPDF": "https://portal.colinsgrp.com/pdfs/Forms/BO-510%206-17%20Businessowners%20Premier%20Endorsement.pdf"
      }
    ],
    "CDPL": [
      {
        "urlSum": "https://portal.colinsgrp.com/pdfs/PremierEndorsements/Premier_BO-580_Final.pdf",
        "urlPDF": "https://portal.colinsgrp.com/pdfs/Forms/BO-580%206-17%20Businessowners%20Liability%20Premier%20Endorsement.pdf"
      }
    ]
  }
}
