{
  "FDSC_limit": "Limit",
  "RSLL_limit": "Limit",
  "RSLL_comp_Deductible": "Comprehensive Deductible Maximum",
  "RSLL_coll_deductible": "Collision Deductible Maximum",
  "APLL_limit": "Limit",
  "APLL_comp_deductible": "Comprehensive Deductible Maximum",
  "APLL_coll_deductible": "Collision Deductible Maximum",
  "CDWT_limit": "Property Limit",
  "AR_limit": "Limit",
  "FL_damageToPremises": "Damage to Premises Rented to You",
  "BXXP_limit": "Business Income from Dependent Property",
  "CL_limit": "Condo Assoc Loss Assessment Limit",
  "CL_limit2": "Misc_ Real Property Limit",
  "DEBR_limit": "Limit",
  "CDGK_classCode": "Class Code",
  "CDGK_ratingBasis": "Rating Basis",
  "CDGK_compLimit": "Comprehensive Limit",
  "CDGK_compDeductible": "Comprehensive Deductible",
  "CDGK_collLimit": "Collision Limit",
  "CDGK_collDeductible": "Collision Deductible",
  "CDGC_limit": "Occurrence Limit",
  "HLMT_description": "Description of Property",
  "HLMT_fursLimit": "Furs, etc_ Sub-limit",
  "HLMT_jewelryLimit": "Jewelry, etc_ Sub-limit",
  "HLMT_patternsLimit": "Patterns, etc_ Sub-limit",
  "MS_occupancyType": "Occupancy Type",
  "MS_insideLimit": "Inside Limit",
  "MS_outsideLimit": "Outside Limit",
  "OLAW_coverage1": "Coverage 1 - Undamaged Bldg Cov",
  "OLAW_businessIncome": "Business Income and Extra Expenses",
  "OLAW_coverage2": "Coverage 2 - Demolition Cost Coverage",
  "OLAW_coverage3": "Coverage 3 - Increased Cost of Construction Coverage",
  "OLAW_combinedCoverage": "Coverage 2 & 3 Combined",
  "OPRP_limit": "Limit",
  "SN_limit": "Limit",
  "RSEN_foodContaminationLimit": "Food Contamination",
  "RSEN_addtlAdvertisingExpense": "Additional Advertising Expense",
  "RSEN_spoilageLimit": "Spoilage Limit",
  "RSEN_spoilageClass": "Spoilage Class",
  "RSEN_coverageType": "Coverage Type",
  "RSEN_maintenanceAgreement": "Maintenance Agreement",
  "SPAP_limit": "Limit",
  "FD_classCode": "Class Code",
  "FD_deductibleAmount": "Deductible Amount",
  "FD_coverageType": "Coverage Type",
  "FD_maintenanceAgreement": "Maintenance Agreement",
  "FD_limit": "Limit",
  "FD_description": "Description",
  "US_buildingLimit": "Building Limit",
  "US_bppLimit": "BPP Limit",
  "US_powerSupplyDirectDamage": "Power Supply",
  "US_waterSupplyDirectDamage": "Water Supply",
  "US_communicationsDirectDamage": "Communications",
  "US_overheadLinesDirectDamage": "Overhead Lines",
  "US_utilitySource": "Utility Source",
  "US_limit": "Limit",
  "US_powerSupplyTimeElement": "Power Supply",
  "US_waterSupplyTimeElement": "Water Supply",
  "US_communicationsTimeElement": "Communications",
  "US_overheadLinesTimeElement": "Overhead Lines",
  "US_wasteWaterRemoval": "Wastewater Removal",
  "VCNT_dateFrom": "Date From",
  "VCNT_dateTo": "Date To",
  "VP_limit": "Limit",
  "CDCP_numAmendOfCP": "Number of Amendment of Cancellation Provisions",
  "CDBG_deductible": "Deductible",
  "BICO_extPeriodOfIndemnity": "Extended Period of Indemnity",
  "BICO_ordinaryPayroll": "Ordinary Payroll",
  "BICO_timePeriod": "Time Period",
  "CFFT_limit": "Limit",
  "CFFT_addtlLocations": "Additional Locations",
  "CFFT_numEmployees": "Number of Employees",
  "CODO_limit": "Limit",
  "CODO_deductible": "Deductible",
  "CDCO_limit": "Each Claim",
  "CDCO_annualAggregate": "Annual Aggregate",
  "CDCO_payroll": "Payroll",
  "CITE_limit": "Contractors Installation-Property At Each Covered Job Site",
  "CITE_covgType": "Contractors Tools and Equipment-Coverage Type",
  "CITE_blanketSubLimit": "Blanket Sub-limit",
  "CITE_blanketLimit": "Blanket Limit",
  "CITE_nonOwnTools": "Non Owned Tools and Equipment",
  "CITE_employeeTools": "Employees Tools",
  "CITE_scheduleLimit": "Schedule Limit",
  "LLCG_limit": "Limit",
  "CDCR_limit": "Annual Aggregate Limit",
  "CDCR_cyber1": "Has the applicant suffered a breach of personal information in the last 12 months?",
  "CDCR_cyber2": "Does the applicant conduct background screens on prospective employees?",
  "CDCR_cyber3": "Does the applicant have document retention/destruction policies in place and posted?",
  "CDCR_cyber4": "Are computer security measures, e.g. firewall, secured wireless connectivity, virus protection, regularly maintained and updated?",
  "CDCR_cyber5": "Are employee, customer and other physical records maintained in a secure environment with limited access?",
  "CDCR_cyber6": "Is a comprehensive Information Security and Privacy Policy in place?",
  "CDCR_cyber7": "Is regular security training/information provided to all people who have access to personally identifying information, whether in paper or electronic?",
  "CDCR_cyber8": "Is anti-virus software installed on all computers and maintained via a central resource?",
  "CDCR_cyber9": "Are all users issued unique IDs and passwords when connecting to or accessing the internal network?",
  "CDCR_cyber10": "Are hardcopy files containing personal information (personnel/payroll, tax records) kept in a separate and secure area?",
  "CDDP_numDays": "Number of Days",
  "CDEC_limit": "Limit",
  "ELDT_limit": "Increased Limit",
  "CDED_coverageType": "Coverage Type",
  "CDED_limit": "Limit",
  "CDEB_limit": "Limit of Insurance",
  "CDEB_retroDte": "Retroactive Date",
  "EMDI_limit": "Limit of Liability",
  "EMDI_forgeryLimit": "Forgery Limit",
  "EMDI_numEmployees": "Number of Employees",
  "EMDI_addtlLocations": "Additional Locations",
  "CDEP_occupancyDesc": "Occupancy Description",
  "CDEP_limit": "Limit",
  "CDEP_deductible": "Deductible",
  "CDEP_numEmployees": "Number of Employees",
  "IDFR_limit": "Limit",
  "CDHR_limit": "Limit",
  "CDAF_limit": "Limit",
  "ICPO_limit": "Increased Limit",
  "CDLQ_exposure": "Receipts from Liquor Sales",
  "MOTL_safeDepBox": "Guest Property in Safe Deposit Boxes Limit",
  "MOTL_guestProperty": "Guest Property Limit",
  "PLPM_grossSales": "Annual Pharmacy Gross Sales",
  "PHOT_worldwide": "Worldwide",
  "PHOT_equipmentLimit": "Photographic Equipment Limit",
  "CDPR_number": "Number of Primary / Noncontributory",
  "CDSM_aggregate": "Aggregate",
  "TCLP_limit": "Limit of Liability",
  "TCLP_addtlLocations": "Additional Locations",
  "TCLP_numEmployees": "Number of Employees",
  "CDVL_limit": "Limit",
  "VETL_exposure": "Number of Veterinarians",
  "CDWS_exposure": "Number of Waiver of Subrogations",
  "FDCO_limit": "Increased BI/EE Limit",
  "FDCO_expenses": "Additional Advertising Expenses",
  "CDMD_liabilityType": "Liability Type",
  "CDUM_uninsuredLimit": "Uninsured Limit",
  "CDUM_underinsuredLimit": "Underinsured Limit",
  "CDUM_underinsuredLimitAR": "Underinsured Limit AR",
  "CDUM_uninsuredPropertyDamageLimit": "Uninsured Property Damage Limit",
  "AGGL_premium": "Premium",
  "TRSM_included": "Is Terrorism Coverage Included?"
}
