{
  "d3questions":{
    "q728": ["items_sold_on_consignment"],
    "q733": ["used_or_second_hand_goods_sold"],
    "q734": ["used_recapped_or_retreaded_tires_sold","used_recapped_retreaded_tires_sold"],
    "q737": ["cooking_facility_in_units"],
    "q762": ["auto_repair_services"],
    "q763": ["customizing_services_offered"],
    "q783": ["other_business_activities_on_the_premises","other_business_activities_on_the_premise"],
    "q788": ["patrol_security","employment_agency","welfare_agency","investment_services","labor_union"],
    "q793": ["refill_propane_tanks"],
    "q795": ["sell_products_under_own_label","sell_products_own_label"],
    "q810": ["moving_truck_rental"],
    "q813": ["management_exp_gt_years","management_exp_gt_3yrs"],
    "q835": ["daycare_on_premises","school_on_premise","daycare_on_premise"],
    "q840": ["auto_salvage"],
    "q849": ["spray_painting"],
    "q851": ["computer_engineering"],
    "q864": ["cocktail_lounge"],
    "q871": ["playground_on_premises","playground_on_premise"],
    "q873": ["swimming_pool_on_premises","swimming_pool_on_premise"],
    "q877": ["automobile_auction"],
    "q880": ["boiler_work"],
    "q888": ["furniture_work"],
    "q889": ["exercise_facility_exists"],
    "q890": ["heavy_equipment_repair"],
    "q898": ["purchase_resale_automobiles"],
    "q900": ["repackaging_relabeling"],
    "q904": ["woodworking_on_premise"],
    "q906": ["gaming_slots_on_premise"],
    "q917": ["veterinary_service_exotic_animals"],
    "q918": ["veterinary_service_breeding_racing"],
    "q919": ["mini_storage_facility"],
    "q961": ["manufacturing_mixing_products"],
    "q975": ["provide_roadside_service"],
    "q989": ["fire_alarm_work","sprinkler_work"],
    "q992": ["hospital_work"],
    "q994": ["powerline_work"],
    "q995": ["power_plant_work"],
    "q996": ["traffic_signal_work"],
    "q804": ["CIG_business_open_after_12am"],
    "q836": ["alcohol_sales"],
    "q852": ["provide_towing_services"],
    "q857": ["open_24_hours"],
    "q876": ["asbestos_work"],
    "q882": ["deep_fryers_used_on_premise"],
    "q883": ["retaining_wall_work"],
    "q891": ["eifs_work"],
    "q892": ["hazardous_material_pressure","hazardous_materials_pressure"],
    "q893": ["lead_paint_removal"],
    "q895": ["paint_above_30ft"],
    "q896": ["paint_tank_bridge_towers"],
    "q899": ["equipment_lessor_renter"],
    "q902": ["road_work"],
    "q903": ["cable_underground"],
    "q946": ["demolition_wreck"],
    "q952": ["heavy_equipment_used"],
    "q963": ["hazardous_materials_exposure"],
    "q964": ["work_underground"],
    "q971": ["work_above_30ft"],
    "q981": ["barges/vessels"],
    "q986": ["airport_work"],
    "q987": ["burglar_alarm_work"],
    "q990": ["get_work_with_hazardous_materials","hazardous_materials"]
  }
}
