{
  "experienceMod": {
    "source": "RiskReturnv2.RatingValuesInformation.RiskInformationv2.ExperienceModificationFactor",
    "target": "wcp.prefillData.ncci.experienceMod"
  },
  "orderKey": {
    "source": "orderKey",
    "target": "wcp.prefillData.ncci.orderKey"
  },
  "riskId": {
    "source": "RiskReturnv2.RiskHeaderInformation.RiskIdNumber",
    "target": "wcp.prefillData.ncci.riskId"
  },
  "modEffectiveDate": {
    "source": "RiskReturnv2.RatingValuesInformation.RiskInformationv2.RatingEffectiveDate",
    "target": "wcp.prefillData.ncci.ratingEffectiveDate"
  },
  "responseMessage": {
    "source": "RiskReturnv2.RiskHeaderInformation.ResponseMessage",
    "target": "wcp.prefillData.ncci.responseMessage"
  },
  "responseCode": {
    "source": "RiskReturnv2.RiskHeaderInformation.ResponseCode",
    "target": "wcp.prefillData.ncci.responseCode"
  }
}
