{
  "proposalOptions": [
    {
      "text": "Detailed",
      "details": [
        "Schedule of forms & endorsements",
        "All forms",
        "Worksheet",
        "Schedule of locations",
        "Exclusionary forms",
        "Schedule of optional coverages",
        "Approximately 25-100 pages"
      ],
      "value": "1"
    },
    {
      "text": "Summarized",
      "details": [
        "Insured information",
        "Premium overview",
        "Payment plan options",
        "Business information",
        "Coverage summary",
        "Endorsement form schedule",
        "Approximately 7-24 pages"
      ],
      "value": "2"
    }
  ]
}
