{
	"sfg_minimumContractorsPayrollByState": {
		"AL": { "text": "18,300", "value": 18300 },
		"AR": { "text": "24,000", "value": 24000 },
		"GA": { "text": "24,400", "value": 24400 },
		"IA": { "text": "28,800", "value": 28800 },
		"IL": { "text": "33,500", "value": 33500 },
		"KS": { "text": "13,300", "value": 13300 },
		"KY": { "text": "27,000", "value": 27000 },
		"MO": { "text": "28,400", "value": 28400 },
		"MS": { "text": "10,400", "value": 10000 },
		"NE": { "text": "27,400", "value": 27400 },
		"OK": { "text": "19,200", "value": 19200 },
		"SD": { "text": "25,800", "value": 25800 },
		"TN": { "text": "13,300", "value": 13300 },
		"TX": { "text": "31,900", "value": 31900 }
	},
	"sfg_minimumContractorsPayrollByState2_1_2022": {
		"AL": { "text": "18,300", "value": 18300 },
		"AR": { "text": "24,000", "value": 24000 },
		"GA": { "text": "24,400", "value": 24400 },
		"IA": { "text": "36,000", "value": 36000 },
		"IL": { "text": "41,800", "value": 41800 },
		"KS": { "text": "13,300", "value": 13300 },
		"KY": { "text": "33,700", "value": 33700 },
		"MO": { "text": "28,400", "value": 28400 },
		"MS": { "text": "10,400", "value": 10000 },
		"NE": { "text": "34,200", "value": 34200 },
		"OK": { "text": "19,200", "value": 19200 },
		"SD": { "text": "32,200", "value": 32200 },
		"TN": { "text": "13,300", "value": 13300 },
		"TX": { "text": "31,900", "value": 31900 }
	},
	"sfg_premisesRequiredInterest": [
		"BP0402",
		"BP0409",
		"BP0410",
		"BP0411",
		"BP1203"
	],
	"sfg_mortgageeLossPayeeAdditionalInterestType": ["BP1203", "BP0409"],
	"sfg_roofAreaWindHailDeductibles": [
			{
				"min": 0,
				"max": 2500,
				"deductAmount": 1000,
				"deductDisplay": "$1,000"
			},
			{
				"min": 2501,
				"max": 7500,
				"deductAmount": 2500,
				"deductDisplay": "$2,500"
			},
			{
				"min": 7501,
				"max": 20000,
				"deductAmount": 5000,
				"deductDisplay": "$5,000"
			},
			{
				"min": 20001,
				"max": 40000,
				"deductAmount": 10000,
				"deductDisplay": "$10,000"
			},
			{
				"min": 40001,
				"max": 75000,
				"deductAmount": 25000,
				"deductDisplay": "$25,000"
			},
			{
				"min": 75001,
				"max": 100000,
				"deductAmount": 50000,
				"deductDisplay": "$50,000"
			}
	]
}
