{
  "requiredMessageText": "An answer to this question is required.",
  "requiredMessageTextNotZero": "An answer to this question is required and must be greater than '0'.",
  "ifAnyMessage": "Entry must be a whole number, or the value IF ANY",
  "ifAnyMessageNotZero": "Entry must be a whole number greater than '0', or the value IF ANY",
  "sfgPolicy_CDCR": "Applicant does not qualify for the Cyber Suite coverage limit selected. Please contact your Underwriter for possible alternatives."
}
