{
  "businessType": [
    { "value": "04", "text": "ASSOC., LABOR UNION, RELIGIOUS ORG." },
    { "value": "03", "text": "CORPORATION" },
    { "value": "01", "text": "INDIVIDUAL" },
    { "value": "09", "text": "JOINT EMPLOYER" },
    { "value": "06", "text": "JOINT VENTURE" },
    { "value": "13", "text": "LIMITED LIABILITY COMPANY" },
    { "value": "05", "text": "LIMITED PARTNERSHIP" },
    { "value": "02", "text": "PARTNERSHIP" },
    { "value": "10", "text": "TRUST OR ESTATE" }
  ],
  "contactType": [
    { "value": "Ask my Underwriter", "text": "Ask my underwriter a question" },
    { "value": "Make a Suggestion", "text": "Make a suggestion" },
    { "value": "Report a Problem", "text": "Report a problem" }
  ],
  "billing_billingType": [
    { "value": "E010E", "text": "Monthly Bill - EFT" },
    { "value": "E010M", "text": "Monthly Bill - Paper Statement" },
    { "value": "D01", "text": "Insured Full Pay" },
    { "value": "DQ4", "text": "Insured 4-Pay" }
  ],
  "billing_downPaymentMethod": [
    { "value": "A", "text": "Agency Sweep" },
    { "value": "ICard", "text": "Insured Online Payment Credit/Debit Card" },
    { "value": "ICheck", "text": "Insured Online Payment Checking/Savings" },
    {
      "value": "B",
      "text": "Bill Insured for Down Payment"
    }
  ],
  "billing_checkingSavings": [
    { "value": "C", "text": "Checking" },
    { "value": "S", "text": "Savings" }
  ],
  "sfg_businessType": [
    { "value": "A", "text": "Auto Service Risk" },
    { "value": "9", "text": "Contractors (not eligible in Mississippi or Texas)" },
    { "value": "3", "text": "Mercantile" },
    { "value": "2", "text": "Office" },
    { "value": "4", "text": "Service/Processing" },
    { "value": "7", "text": "Restaurants – Not Fast Food" },
    { "value": "8", "text": "Restaurants – Fast Food" },
    { "value": "1", "text": "Apartment" },
    { "value": "6", "text": "Condo - Apartment" },
    { "value": "5", "text": "Condo - Office" }
  ],
  "sfg_liabilityLimit": [
    { "value": "300000", "text": "$300,000" },
    { "value": "500000", "text": "$500,000" },
    { "value": "1000000", "text": "$1,000,000" }
  ],
  "sfg_medPayLimit": [
    { "value": "5000", "text": "$5,000" },
    { "value": "10000", "text": "$10,000" },
    { "value": "0", "text": "Excluded" }
  ],
  "sfg_propertyDeductible": [
    { "value": "1000", "text": "$1,000" },
    { "value": "2500", "text": "$2,500" },
    { "value": "5000", "text": "$5,000" },
    { "value": "7500", "text": "$7,500" },
    { "value": "10000", "text": "$10,000" }
  ],
  "sfg_windHail": [
    { "value": "0", "text": "None" },
    { "value": "1", "text": "1%" },
    { "value": "2", "text": "2%" },
    { "value": "5", "text": "5%" },
    { "value": "1000", "text": "$1,000" },
    { "value": "2500", "text": "$2,500" },
    { "value": "5000", "text": "$5,000" },
    { "value": "7500", "text": "$7,500" },
    { "value": "10000", "text": "$10,000" },
    { "value": "25000", "text": "$25,000" },
    { "value": "50000", "text": "$50,000" },
    { "value": "75000", "text": "$75,000" },
    { "value": "100000", "text": "$100,000" }
  ],
  "sfg_additionalInsuredType_Contractors": [
    { "value": "BP0447", "text": "BP0447 – Vendors" },
    { "value": "BP0406", "text": "BP0406 – Controlling Interest" },
    { "value": "BP0408", "text": "BP0408 – Townhouse Association" },
    { "value": "BP0410", "text": "BP0410 – Leased Land" },
    { "value": "BP1231", "text": "BP1231 – Building Owner" },
    { "value": "BP0448", "text": "BP0448 – Designated Person/Organization" },
    { "value": "BP0407", "text": "BP0407 – State/Political Subdivision" },
    { "value": "BP1203", "text": "BP1203 – Loss Payee" },
    { "value": "BP0409", "text": "BP0409 – Mortgagee/Assignee" },
    { "value": "BP0411", "text": "BP0411 – Co-Owner of Premises" },
    { "value": "BP1405", "text": "BP1405 – Grantor of Franchise" },
    { "value": "BP0413", "text": "BP0413 – Engineers/Architects/Surveyors" },
    { "value": "BP0402", "text": "BP0402 - Manager/Lessor" },
    { "value": "BP0416", "text": "BP0416 - Lessor of leased equipment" },
    { "value": "BP0449", "text": "BP0449 – Engineers/Architects/Surveyors" },
    { "value": "BP0450", "text": "BP0450 – Owners/Lessee" },
    { "value": "BP0451", "text": "BP0451 – Owners/Lessee-Completed Ops" },
    { "value": "BP1402", "text": "BP1402 – Owners/Lessee Contract" },
    {
      "value": "BP1487",
      "text": "BP1487 – Owner/Lessee/Contract-Other parties"
    }
  ],
  "sfg_additionalInsuredType": [
    { "value": "BP0447", "text": "BP0447 – Vendors" },
    { "value": "BP0406", "text": "BP0406 – Controlling Interest" },
    { "value": "BP0408", "text": "BP0408 – Townhouse Association" },
    { "value": "BP0410", "text": "BP0410 – Leased Land" },
    { "value": "BP1231", "text": "BP1231 – Building Owner" },
    { "value": "BP0448", "text": "BP0448 – Designated Person/Organization" },
    { "value": "BP0407", "text": "BP0407 – State/Political Subdivision" },
    { "value": "BP1203", "text": "BP1203 – Loss Payee" },
    { "value": "BP0409", "text": "BP0409 – Mortgagee/Assignee" },
    { "value": "BP0411", "text": "BP0411 – Co-Owner of Premises" },
    { "value": "BP1405", "text": "BP1405 – Grantor of Franchise" },
    { "value": "BP0413", "text": "BP0413 – Engineers/Architects/Surveyors" },
    { "value": "BP0402", "text": "BP0402 - Manager/Lessor" },
    { "value": "BP0416", "text": "BP0416 - Lessor of Leased Equipment" }
  ],
  "sfg_ancillaryType": [
    {"value": "Pool House", "text":"Pool House"},
    {"value": "Fencing", "text":"Fencing"},
    {"value": "LandscapeWall", "text":"Landscaping Wall"},
    {"value": "Gazebos", "text":"Gazebos"},
    {"value": "Storage Sheds", "text":"Storage Sheds"},
    {"value": "Storm Shelter", "text":"Storm Shelter"},
    {"value": "Carport", "text":"Carport - Canopy"},
    {"value": "OutdoorPool", "text":"Outdoor Inground Pool"}
  ],
  "sfg_provisionApplicable": [
    { "value": "A", "text": "Loss Payee" },
    { "value": "B", "text": "Lenders Loss Payee" },
    { "value": "C", "text": "Contract of Sale" },
    { "value": "D", "text": "Building Owner Loss Payee" }
  ],
  "sfg_constructionType": [
    { "value": "01", "text": "Frame" },
    { "value": "02", "text": "Joisted Masonry" },
    { "value": "03", "text": "Non-Combustible" },
    { "value": "04", "text": "Masonry Non-Combustible" },
    { "value": "05", "text": "Modified Fire Resistive" },
    { "value": "06", "text": "Fire Resistive" }
  ],
  "sfg_roofType": [
    { "value": "Metal", "text": "Metal" },
    { "value": "Tile", "text": "Tile" },
    { "value": "Wood Shake", "text": "Wood Shake" },
    { "value": "Other", "text": "Other" }
  ],
  "sfg_roofSurfaceLimitation": [
    { "value": "X", "text": "Replacement Cost" },
    { "value": "1", "text": "Actual Cash Value" },
    { "value": "2", "text": "Cosmetic Exclusion" },
    { "value": "3", "text": "Actual Cash Value & Cosmetic Exclusion" }
  ],
  "sfg_roofSurfaceLimitationMetal": [
    { "value": "2", "text": "Cosmetic Exclusion" }
  ],
  "sfg_buildingValuation": [
    { "value": "1", "text": "Replacement Cost" },
    { "value": "2", "text": "Actual Cash Value" }
  ],
  "sfg_eqDeductible": [
    {"value": "0.05", "text": "5%"},
    { "value": "0.1", "text": "10%" },
    { "value": "0.15", "text": "15%" },
    { "value": "0.2", "text": "20%" },
    { "value": "0.25", "text": "25%" },
    { "value": "0.3", "text": "30%" },
    { "value": "0.35", "text": "35%" },
    { "value": "0.4", "text": "40%" }
  ],
  "sfg_eqBuildingClassification": [
    { "value": "1C", "text": "1C" },
    { "value": "1D", "text": "1D" },
    { "value": "2A", "text": "2A" },
    { "value": "2B", "text": "2B" },
    { "value": "3A", "text": "3A" },
    { "value": "3B", "text": "3B" },
    { "value": "3C", "text": "3C" },
    { "value": "4A", "text": "4A" },
    { "value": "4B", "text": "4B" },
    { "value": "4C", "text": "4C" },
    { "value": "4D", "text": "4D" },
    { "value": "5A", "text": "5A" },
    { "value": "5AA", "text": "5AA" },
    { "value": "5B", "text": "5B" },
    { "value": "5C", "text": "5C" }
  ],
  "sfg_eqSubLimit": [
    { "value": "5", "text": "5%" },
    { "value": "10", "text": "10%" },
    { "value": "15", "text": "15%" },
    { "value": "20", "text": "20%" },
    { "value": "25", "text": "25%" },
    { "value": "30", "text": "30%" },
    { "value": "35", "text": "35%" },
    { "value": "40", "text": "40%" },
    { "value": "50", "text": "50%" },
    { "value": "60", "text": "60%" },
    { "value": "70", "text": "70%" }
  ],
  "sfg_masonryVeneer": [
    { "value": "1", "text": "LESS THAN 25%" },
    { "value": "2", "text": "25%-50%" },
    { "value": "3", "text": "OVER 50%" }
  ],
  "sfg_rateGrade": [
    { "value": "1", "text": "1" },
    { "value": "2", "text": "2" },
    { "value": "3", "text": "3" },
    { "value": "4", "text": "4" }
  ],
  "sfg_pdDeductibleType": [
    { "value": "1", "text": "Per Claim" },
    { "value": "2", "text": "Per Occurrence" }
  ],
  "sfg_pdDeductible": [
    { "value": "500", "text": "$500" },
    { "value": "1000", "text": "$1,000" },
    { "value": "2500", "text": "$2,500" }
  ],
  "sfg_occupancyType": [
    { "value": "A", "text": "Auto Service Risk (A)" },
    { "value": "10", "text": "Contractors (10)" },
    { "value": "4", "text": "Mercantile - Other (4)" },
    { "value": "2", "text": "Office (2)" },
    { "value": "5", "text": "Service/Processing (5)" },
    { "value": "8", "text": "Restaurant - Not Fast Food (8)" },
    { "value": "9", "text": "Restaurant - Fast Food (9)" },
    { "value": "1", "text": "Apartment (1)" },
    { "value": "7", "text": "Condo - Apartment (7)" },
    { "value": "6", "text": "Condo - Office (6)" }
  ],
  "sfg_ownerOccupied": [
    {
      "value": "N1",
      "text": "Owner and occupying over 90% of the building"
    },
    { "value": "Y", "text": "Owner and leasing the building to others" },
    { "value": "N2", "text": "Tenant of the building" }
	],
	"sfg_ownerOccupied_short": [
    {
      "value": "N1",
      "text": "Owner occupying over 90%"
    },
    { "value": "Y", "text": "Owner leasing to others" },
    { "value": "N2", "text": "Tenant of the building" }
  ],
	"sfg_CDCR_limit": [
    {
      "value": "50000",
      "text": "$50,000"
    },
    {
      "value": "100000",
      "text": "$100,000"
    },
    {
      "value": "250000",
      "text": "$250,000"
    },
    {
      "value": "500000",
      "text": "$500,000"
    },
    {
      "value": "1000000",
      "text": "$1,000,000"
    }
  ],
  "sfg_policyCoverages": [
    {
      "value": "CDAA",
      "text": "Amendment of Aggregate Limit (per project) (BP0702)"
    },
    { "value": "CDCP", "text": "Amendment of Cancellation Provisions" },
    { "value": "CDAC", "text": "Amendment of Insured Contract" },
    { "value": "CDIY", "text": "Amendment Of Personal & Adv Injury" },
    { "value": "CDBB", "text": "Barbers" },
    { "value": "CDBS", "text": "Beauticians" },
    { "value": "BRLP", "text": "Brands and Labels" },
    { "value": "CDBP", "text": "Broad Form Property Damage (BO-352)" },
    { "value": "CDBG", "text": "Broadened Garage Liability" },
    { "value": "BICO", "text": "Business Income Coverage Options" },
    { "value": "CFFT", "text": "Computer Fraud and Funds Transfer" },
    {
      "value": "CODO",
      "text": "Condominium - Directors and Officers Liability"
    },
    { "value": "CDCO", "text": "Contractors Errors and Omissions" },
    {
      "value": "CITE",
      "text": "Contractors' Installation, Tools and Equipment"
    },
    { "value": "LLCG", "text": "Customer Goods" },
    { "value": "CDCR", "text": "Cyber Risk" },
    { "value": "CDDC", "text": "Designated Const Projects Genl Agg Limit" },
    { "value": "CDDP", "text": "Discretionary Payroll Expenses" },
    { "value": "CDEC", "text": "Electronic Commerce" },
    { "value": "ELDT", "text": "Electronic Data Coverage" },
    { "value": "CDED", "text": "Electronic Data Liability Coverage" },
    { "value": "CDEB", "text": "Employee Benefits Liability coverage" },
    { "value": "EMDI", "text": "Employee Dishonesty" },
    { "value": "CDEP", "text": "Employment Related Practices Liability" },
    { "value": "CDCM", "text": "Excl - Communicable Disease" },
    { "value": "CDDE", "text": "Excl - Designated Products" },
    { "value": "CDDW", "text": "Excl - Designated Work" },
    {
      "value": "CDDX",
      "text": "Excl - Dmg to work performed by Sub-Con Design"
    },
    { "value": "CDDS", "text": "Excl - Dmg to work performed by Sub-Contr" },
    { "value": "CDEI", "text": "Excl - Exterior Insulation" },
    { "value": "CDPA", "text": "Excl - Pers/Adv Injury - Lawyers" },
    { "value": "CDPO", "text": "Excl - Products/Completed Ops" },
    { "value": "FDCO", "text": "Food Contamination" },
    { "value": "CDFD", "text": "Funeral Directors" },
    { "value": "CDMD", "text": "Fungi and Bacteria Coverage" },
    { "value": "HIRE", "text": "Hired Auto" },
    { "value": "IDFR", "text": "Identity Fraud" },
    { "value": "CDHR", "text": "IL Home Repair and Remodeling Coverage" },
    { "value": "CDAF", "text": "Inland Marine Animal Floater" },
    { "value": "ICPO", "text": "Interruption of Computer Operations Coverage" },
    { "value": "CDLQ", "text": "Liquor Liability" },
    { "value": "MOTL", "text": "Motel Endorsement" },
    { "value": "NOWN", "text": "Non-Owned Auto" },
    { "value": "CDOH", "text": "Optical & Hearing Aid" },
    { "value": "CDPC", "text": "Pastoral Counseling (L-333)" },
    { "value": "PLPM", "text": "Pharmacists Liability Coverage" },
    { "value": "PHOT", "text": "Photography Coverage" },
    { "value": "CDPL", "text": "Premier Endorsement - Liability" },
    {
      "value": "CDPR",
      "text": "Primary and Noncontributory - Other Insurance"
    },
    { "value": "CDPN", "text": "Printers E&O" },
    { "value": "CDSC", "text": "Senior Citizens Condo D&O (L-389)" },
    { "value": "TRSM", "text": "Federal Terrorism" },
    { "value": "TCLP", "text": "Theft of Clients Property" },
    { "value": "CDUM", "text": "UM/UIM" },
    { "value": "CDVL", "text": "Vehicular Damage to Leased Property" },
    {
      "value": "VETL",
      "text": "Veterinarians Professional Liability Coverage"
    },
    { "value": "CDWS", "text": "Waiver of Subrogation" }
  ],
  "sfg_policyCoverages_original": [
    {
      "value": "CDAA",
      "text": "Amendment of Aggregate Limit (per project) (BP0702)"
    },
    { "value": "AGGL", "text": "Amendment of Aggregate Limits" },
    { "value": "CDCP", "text": "Amendment of Cancellation Provisions" },
    { "value": "CDAC", "text": "Amendment of Insured Contract" },
    { "value": "CDIY", "text": "Amendment Of Personal & Adv Injury" },
    { "value": "CDBB", "text": "Barbers" },
    { "value": "CDBS", "text": "Beauticians" },
    { "value": "BRLP", "text": "Brands and Labels" },
    { "value": "CDBP", "text": "Broad Form Property Damage (BO-352)" },
    { "value": "CDBG", "text": "Broadened Garage Liability" },
    { "value": "BICO", "text": "Business Income Coverage Options" },
    { "value": "CFFT", "text": "Computer Fraud and Funds Transfer" },
    {
      "value": "CODO",
      "text": "Condominium - Directors and Officers Liability"
    },
    { "value": "CDCO", "text": "Contractors Errors and Omissions" },
    {
      "value": "CITE",
      "text": "Contractors' Installation, Tools and Equipment"
    },
    { "value": "LLCG", "text": "Customer Goods" },
    { "value": "CDCR", "text": "Cyber Risk" },
    { "value": "CDDC", "text": "Designated Const Projects Genl Agg Limit" },
    { "value": "CDDP", "text": "Discretionary Payroll Expenses" },
    { "value": "CDEC", "text": "Electronic Commerce" },
    { "value": "ELDT", "text": "Electronic Data Coverage" },
    { "value": "CDED", "text": "Electronic Data Liability Coverage" },
    { "value": "CDEB", "text": "Employee Benefits Liability coverage" },
    { "value": "EMDI", "text": "Employee Dishonesty" },
    { "value": "CDEP", "text": "Employment Related Practices Liability" },
    { "value": "CDCM", "text": "Excl - Communicable Disease" },
    { "value": "CDDE", "text": "Excl - Designated Products" },
    { "value": "CDDW", "text": "Excl - Designated Work" },
    {
      "value": "CDDX",
      "text": "Excl - Dmg to work performed by Sub-Con Design"
    },
    { "value": "CDDS", "text": "Excl - Dmg to work performed by Sub-Contr" },
    { "value": "CDEI", "text": "Excl - Exterior Insulation" },
    { "value": "CDPA", "text": "Excl - Pers/Adv Injury - Lawyers" },
    { "value": "CDPO", "text": "Excl - Products/Completed Ops" },
    { "value": "FDCO", "text": "Food Contamination" },
    { "value": "CDFD", "text": "Funeral Directors" },
    { "value": "CDMD", "text": "Fungi and Bacteria Coverage" },
    { "value": "HIRE", "text": "Hired Auto" },
    { "value": "IDFR", "text": "Identity Fraud" },
    { "value": "CDHR", "text": "IL Home Repair and Remodeling Coverage" },
    { "value": "CDAF", "text": "Inland Marine Animal Floater" },
    { "value": "ICPO", "text": "Interruption of Computer Operations Coverage" },
    { "value": "CDLQ", "text": "Liquor Liability" },
    { "value": "MOTL", "text": "Motel Endorsement" },
    { "value": "NOWN", "text": "Non-Owned Auto" },
    { "value": "CDOH", "text": "Optical & Hearing Aid" },
    { "value": "CDPC", "text": "Pastoral Counseling (L-333)" },
    { "value": "PLPM", "text": "Pharmacists Liability Coverage" },
    { "value": "PHOT", "text": "Photography Coverage" },
    { "value": "CDPL", "text": "Premier Endorsement - Liability" },
    {
      "value": "CDPR",
      "text": "Primary and Noncontributory - Other Insurance"
    },
    { "value": "CDPN", "text": "Printers E&O" },
    { "value": "CDSC", "text": "Senior Citizens Condo D&O (L-389)" },
    { "value": "CDSM", "text": "Sexual Misconduct Liability" },
    { "value": "TRSM", "text": "Federal Terrorism" },
    { "value": "TCLP", "text": "Theft of Clients Property" },
    { "value": "CDUM", "text": "UM/UIM" },
    { "value": "CDVL", "text": "Vehicular Damage to Leased Property" },
    {
      "value": "VETL",
      "text": "Veterinarians Professional Liability Coverage"
    },
    { "value": "CDWS", "text": "Waiver of Subrogation" }
  ],
  "sfg_CDBG_deductible": [
    { "value": "500", "text": "$500" },
    { "value": "1000", "text": "$1,000" },
    { "value": "2500", "text": "$2,500" },
    { "value": "5000", "text": "$5,000" }
  ],
  "sfg_BICO_extPeriodOfIndemnity": [
    { "value": "90", "text": "90" },
    { "value": "120", "text": "120" },
    { "value": "150", "text": "150" },
    { "value": "180", "text": "180" },
    { "value": "270", "text": "270" },
    { "value": "360", "text": "360" }
	],
	"sfg_BICO_ordinaryPayroll": [
    { "value": "90", "text": "90" },
    { "value": "120", "text": "120" },
    { "value": "150", "text": "150" },
    { "value": "180", "text": "180" },
    { "value": "270", "text": "270" },
    { "value": "360", "text": "360" }
  ],
  "sfg_CFFT_limit": [
    { "value": "25000", "text": "$25,000" },
    { "value": "50000", "text": "$50,000" },
    { "value": "100000", "text": "$100,000" }
  ],
  "sfg_CODO_limit": [
    { "value": "10000", "text": "$10,000" },
    { "value": "25000", "text": "$25,000" },
    { "value": "50000", "text": "$50,000" },
    { "value": "75000", "text": "$75,000" },
    { "value": "100000", "text": "$100,000" },
    { "value": "300000", "text": "$300,000" },
    { "value": "500000", "text": "$500,000" },
    { "value": "1000000", "text": "$1,000,000" }
  ],
  "sfg_CODO_deductible": [
    { "value": "500", "text": "$500" },
    { "value": "1000", "text": "$1,000" },
    { "value": "2500", "text": "$2,500" },
    { "value": "5000", "text": "$5,000" },
    { "value": "10000", "text": "$10,000" },
    { "value": "25000", "text": "$25,000" }
  ],
  "sfg_CDCO_limit": [
    { "value": "100000", "text": "$100,000" },
    { "value": "250000", "text": "$250,000" }
  ],
  "sfg_CITE_limit": [
    { "value": "Default", "text": "$3,000 (Automatic Coverage Limit)" },
    { "value": "5000", "text": "$5,000" },
    { "value": "10000", "text": "$10,000" },
    { "value": "15000", "text": "$15,000" },
    { "value": "20000", "text": "$20,000" },
    { "value": "25000", "text": "$25,000" }
  ],
  "sfg_CITE_covgType": [
    { "value": "1", "text": "Blanket" },
    { "value": "2", "text": "Scheduled" },
    { "value": "3", "text": "Blanket and Scheduled" }
  ],
  "sfg_CITE_blanketSubLimit": [
    { "value": "500", "text": "$500" },
    { "value": "1000", "text": "$1,000" },
    { "value": "2000", "text": "$2,000" }
  ],
  "sfg_CDDP_numDays": [
    { "value": "60", "text": "60" },
    { "value": "90", "text": "90" },
    { "value": "120", "text": "120" },
    { "value": "150", "text": "150" },
    { "value": "180", "text": "180" },
    { "value": "270", "text": "270" },
    { "value": "360", "text": "360" }
  ],
  "sfg_CDEC_limit": [
    { "value": "5000", "text": "$5,000" },
    { "value": "10000", "text": "$10,000" }
  ],
  "sfg_CDED_coverageType": [
    { "value": "1", "text": "Limited" },
    { "value": "2", "text": "Broad" }
  ],
  "sfg_CDED_limit": [
    { "value": "10000", "text": "$10,000" },
    { "value": "25000", "text": "$25,000" }
  ],
  "sfg_CDEB_limit": [
    { "value": "300000", "text": "300,000" },
    { "value": "500000", "text": "500,000" },
    { "value": "1000000", "text": "1,000,000" }
  ],
  "sfg_EMDI_limit": [
    { "value": "5000", "text": "$5,000" },
    { "value": "10000", "text": "$10,000" },
    { "value": "25000", "text": "$25,000" },
    { "value": "50000", "text": "$50,000" },
    { "value": "100000", "text": "$100,000" },
    { "value": "250000", "text": "$250,000" }
  ],
  "sfg_CDEP_occupancyDesc": [
    { "value": "1", "text": "Mercantile" },
    { "value": "2", "text": "Restaurant" },
    { "value": "3", "text": "Wholesale" },
    { "value": "4", "text": "All Other" }
  ],
  "sfg_CDAF_limit": [
    { "value": "100/1000", "text": "$100 / $1,000" },
    { "value": "250/2500", "text": "$250 / $2,500" },
    { "value": "500/5000", "text": "$500 / $5,000" },
    { "value": "1000/10000", "text": "$1,000 / $10,000" },
    { "value": "1500/15000", "text": "$1,500 / $15,000" }
  ],
  "sfg_MOTL_safeDepBox": [
    { "value": "25000", "text": "$25,000" },
    { "value": "50000", "text": "$50,000" },
    { "value": "100000", "text": "$100,000" },
    { "value": "250000", "text": "$250,000" }
  ],
  "sfg_MOTL_guestProperty": [
    { "value": "2000", "text": "$2,000" },
    { "value": "3000", "text": "$3,000" },
    { "value": "4000", "text": "$4,000" }
  ],
  "sfg_CDSM_aggregate": [
    { "value": "300000", "text": "$300,000" },
    { "value": "500000", "text": "$500,000" }
  ],
  "sfg_TCLP_limit": [
    { "value": "5000", "text": "$5,000" },
    { "value": "10000", "text": "$10,000" },
    { "value": "25000", "text": "$25,000" }
  ],
  "sfg_CDVL_limit": [
    { "value": "10000", "text": "$10,000" },
    { "value": "25000", "text": "$25,000" }
  ],
  "sfg_CDMD_liabilityType": [
    {
      "value": "1",
      "text": "Excluded - more than 25 employees and more than 2.5 million"
    },
    {
      "value": "2",
      "text": "Limited - less than 25 employees and less than 2.5 million"
    }
  ],
  "loss_history_claim_Status": [
    { "value": "O", "text": "Open" },
    { "value": "CN", "text": "Closed No Pay" },
    { "value": "CP", "text": "Closed" },
    { "value": "RO", "text": "Re-opened" }
  ],
  "sfg_CDUM_uninsuredLimit": [
    { "value": "50000", "text": "$50,000" },
    { "value": "100000", "text": "$100000" },
    { "value": "300000", "text": "$300,000" },
    { "value": "500000", "text": "$500,000" },
    { "value": "1000000", "text": "$1,000,000" }
  ],
  "sfg_CDUM_underinsuredLimit": [
    { "value": "50000", "text": "$50,000" },
    { "value": "100000", "text": "$100000" },
    { "value": "300000", "text": "$300,000" },
    { "value": "500000", "text": "$500,000" },
    { "value": "1000000", "text": "$1,000,000" }
  ],
  "sfg_CDUM_underinsuredLimitAR": [{ "value": "50000", "text": "$50,000" }],
  "sfg_CDUM_uninsuredPropertyDamageLimit": [
    { "value": "25000", "text": "$25,000" },
    { "value": "50000", "text": "$50,000" },
    { "value": "100000", "text": "$100,000" }
  ],
  "sfg_buildingCoverages": [
    { "value": "AR", "text": "Accounts Receivable Coverage" },
    { "value": "APEN", "text": "Apartment Enhancement Endorsement Coverage" },
    { "value": "FL", "text": "Damage to Premises Rented to You Coverage"},
    { "value": "BXXP", "text": "Business Income from Dependent Properties" },
    { "value": "CL", "text": "Condo Loss Assessment Coverage" },
    { "value": "DEBR", "text": "Debris Removal Coverage" },
    {
      "value": "CDDL",
      "text": "Designated Locations - General Aggregate Limit Coverage"
    },
    { "value": "CDGK", "text": "Garagekeepers" },
    { "value": "CDGC", "text": "Golf Course Coverage" },
    { "value": "HLMT", "text": "Higher Limits Theft Coverage" },
    { "value": "CDLR", "text": "Loss of Rental Value - Landlord Coverage" },
    { "value": "MN", "text": "Mine Subsidence Coverage" },
    { "value": "MS", "text": "Money and Securities Coverage" },
    { "value": "CDNO", "text": "Newly Acquired Organizations Coverage" },
    { "value": "OLAW", "text": "Ordinance or Law Coverage" },
    { "value": "OPRP", "text": "Outdoor Property Coverage" },
    { "value": "SN", "text": "Outdoor Signs Coverage" },
    { "value": "RCLN", "text": "Residential Cleaning Services Coverage" },
    { "value": "RSEN", "text": "Restaurant Enhancement Endorsement Coverage" },
    { "value": "SPAP", "text": "Specified BPP Temp Away from Prem" },
    { "value": "FD", "text": "Spoilage Coverage" },
    { "value": "US", "text": "Utility Services Coverage" },
    { "value": "VCNT", "text": "Vacancy Permit Coverage" },
    { "value": "VP", "text": "Valuable Papers Coverage" }
  ],
  "sfg_Bld_Cvg_Occupancy_Class": [
    { "value": "1", "text": "Shop/Storage" },
    { "value": "2", "text": "Office" },
    { "value": "3", "text": "Apartment" }
  ],
  "sfg_CDGK_compDeductible": [
    { "value": "100/500", "text": "$100/$500" },
    { "value": "250/1000", "text": "$250/$1,000" },
    { "value": "500/2500", "text": "$500/$2,500" },
    { "value": "1000/5000", "text": "$1,000/$5,000" },
    { "value": "2500/10000", "text": "$2,500/$10,000" },
    { "value": "5000/25000", "text": "$5,000/$25,000" }
  ],
  "sfg_CDGK_collDeductible": [
    { "value": "100", "text": "$100" },
    { "value": "250", "text": "$250" },
    { "value": "500", "text": "$500" },
    { "value": "1000", "text": "$1,000" },
    { "value": "2500", "text": "$2,500" },
    { "value": "5000", "text": "$5,000" }
  ],
  "sfg_CDGK_compLimit": [
    { "value": "50000", "text": "$50,000" },
    { "value": "100000", "text": "$100,000" },
    { "value": "150000", "text": "$150,000" },
    { "value": "200000", "text": "$200,000" },
    { "value": "300000", "text": "$300,000" },
    { "value": "400000", "text": "$400,000" },
    { "value": "500000", "text": "$500,000" },
    { "value": "600000", "text": "$600,000" },
    { "value": "700000", "text": "$700,000" },
    { "value": "800000", "text": "$800,000" },
    { "value": "900000", "text": "$900,000" },
    { "value": "1000000", "text": "$1,000,000" }
  ],
  "sfg_CDGK_collLimit": [
    { "value": "50000", "text": "$50,000" },
    { "value": "100000", "text": "$100,000" },
    { "value": "150000", "text": "$150,000" },
    { "value": "200000", "text": "$200,000" },
    { "value": "300000", "text": "$300,000" },
    { "value": "400000", "text": "$400,000" },
    { "value": "500000", "text": "$500,000" },
    { "value": "600000", "text": "$600,000" },
    { "value": "700000", "text": "$700,000" },
    { "value": "800000", "text": "$800,000" },
    { "value": "900000", "text": "$900,000" },
    { "value": "1000000", "text": "$1,000,000" }
  ],
  "sfg_CDGK_classCode": [
    { "value": "7808", "text": "7808 - Repair Shops" },
    { "value": "7810", "text": "7810 - Service Stations" }
  ],
  "sfg_CDGK_ratingBasis": [
    { "value": "1", "text": "Direct Excess" },
    { "value": "2", "text": "Direct Primary" },
    { "value": "3", "text": "Legal Liability" }
  ],
  "sfg_CDGC_limit": [
    { "value": "100000", "text": "$100,000" },
    { "value": "250000", "text": "$250,000" },
    { "value": "500000", "text": "$500,000" },
    { "value": "750000", "text": "$750,000" }
  ],
  "sfg_MS_occupancyType": [
    { "value": "1", "text": "Apartment" },
    { "value": "2", "text": "Office" },
    { "value": "3", "text": "All Other" }
  ],
  "sfg_FD_classCode": [
    { "value": "1-Bakery Goods", "text": "Bakery Goods" },
    { "value": "1-Cheese Shops", "text": "Cheese Shops" },
    { "value": "2-Convenience Food Stores", "text": "Convenience Food Stores" },
    {
      "value": "2-Dairy Products, excluding Ice Cream",
      "text": "Dairy Products, excluding Ice Cream"
    },
    {
      "value": "3-Dairy Products, including Ice Cream",
      "text": "Dairy Products, including Ice Cream"
    },
    { "value": "1-Delicatessens", "text": "Delicatessens" },
    { "value": "3-Florists", "text": "Florists" },
    { "value": "1-Fruits and Vegetables", "text": "Fruits and Vegetables" },
    { "value": "2-Grocery Stores", "text": "Grocery Stores" },
    {
      "value": "2-Meat and Poultry Markets",
      "text": "Meat and Poultry Markets"
    },
    { "value": "2-Pharmaceuticals", "text": "Pharmaceuticals" },
    { "value": "1-Restaurants", "text": "Restaurants" },
    { "value": "3-Seafood", "text": "Seafood" },
    { "value": "2-Supermarkets", "text": "Supermarkets" }
  ],
  "sfg_FD_coverageType": [
    { "value": "1", "text": "Breakdown/Contamination" },
    { "value": "2", "text": "Power Outage" },
    { "value": "3", "text": "Breakdown/Contamination/Power Outage" }
  ],
  "sfg_US_overheadLinesDirectDamage": [
    { "value": "1", "text": "Power" },
    { "value": "2", "text": "Communication" },
    { "value": "3", "text": "Power & Communication" },
    { "value": "", "text": "N/A" }
	],
	"sfg_US_overheadLinesTimeElement": [
    { "value": "1", "text": "Power" },
    { "value": "2", "text": "Communication" },
    { "value": "3", "text": "Power & Communication" },
    { "value": "", "text": "N/A" }
  ],
  "sfg_US_utilitySource": [
    { "value": "1", "text": "Public Utility" },
    { "value": "2", "text": "Other than Public Utility" }
  ],
  "sfg_US_Coverage_Type": [
    { "value": "1", "text": "Building Only" },
    { "value": "2", "text": "Business Personal Property Only" },
    { "value": "3", "text": "Building & Business Personal Property" }
  ],
  "sfg_LocationCoverages": [
    { "value": "APFA", "text": "Fine Arts" },
    { "value": "RSFA", "text": "Fine Arts - Restaurants" },
    { "value": "FDSC", "text": "Increased Fire Dept Service Charge" },
    {
      "value": "RSLL",
      "text": "Loss or Damage to Customers Autos(Legal Liability)-Restaurants"
    },
    {
      "value": "APLL",
      "text": "Loss or Damage to Tenants Autos(Legal Liability)-Apts"
    },
    {
      "value": "CDAS",
      "text": "Premier Endorsement - Auto Service"
    },
    { "value": "CDCT", "text": "Premier Endorsement - Contractor" },
    { "value": "CDPF", "text": "Premier Endorsement - Fine Dining Restaurant" },
    { "value": "CDPX", "text": "Premier Endorsement - Restaurant" },
    {
      "value": "CDPE",
      "text": "Premier Endorsement (except Restaurant, Contractor or Auto service)"
    },
    { "value": "CDWT", "text": "Water Back-Up and Sump Overflow" }
  ],
  "sfg_FDSC_limit": [
    { "value": "5000", "text": "$5,000" },
    { "value": "7500", "text": "$7,500" },
    { "value": "10000", "text": "$10,000" }
  ],
  "sfg_RSLL_limit": [
    { "value": "6000", "text": "$6,000" },
    { "value": "7500", "text": "$7,500" },
    { "value": "9000", "text": "$9,000" },
    { "value": "12000", "text": "$12,000" },
    { "value": "15000", "text": "$15,000" },
    { "value": "18000", "text": "$18,000" },
    { "value": "22500", "text": "$22,500" },
    { "value": "30000", "text": "$30,000" },
    { "value": "37500", "text": "$37,500" },
    { "value": "45000", "text": "$45,000" },
    { "value": "60000", "text": "$60,000" },
    { "value": "75000", "text": "$75,000" },
    { "value": "90000", "text": "$90,000" },
    { "value": "120000", "text": "$120,000" },
    { "value": "150000", "text": "$150,000" },
    { "value": "180000", "text": "$180,000" },
    { "value": "225000", "text": "$225,000" },
    { "value": "300000", "text": "$300,000" },
    { "value": "375000", "text": "$375,000" },
    { "value": "450000", "text": "$450,000" },
    { "value": "600000", "text": "$600,000" },
    { "value": "750000", "text": "$750,000" },
    { "value": "900000", "text": "$900,000" },
    { "value": "1200000", "text": "$1,200,000" },
    { "value": "1500000", "text": "$1,500,000" },
    { "value": "2000000", "text": "$2,000,000" },
    { "value": "2500000", "text": "$2,500,000" }
  ],
  "sfg_RSLL_comp_deductible": [
    { "value": "500", "text": "$500" },
    { "value": "1000", "text": "$1,000" },
    { "value": "2500", "text": "$2,500" },
    { "value": "5000", "text": "$5,000" }
  ],
  "sfg_RSLL_coll_deductible": [
    { "value": "500", "text": "$500" },
    { "value": "1000", "text": "$1,000" }
  ],
  "sfg_APLL_limit": [
    { "value": "6000", "text": "$6,000" },
    { "value": "7500", "text": "$7,500" },
    { "value": "9000", "text": "$9,000" },
    { "value": "12000", "text": "$12,000" },
    { "value": "15000", "text": "$15,000" },
    { "value": "18000", "text": "$18,000" },
    { "value": "22500", "text": "$22,500" },
    { "value": "30000", "text": "$30,000" },
    { "value": "37500", "text": "$37,500" },
    { "value": "45000", "text": "$45,000" },
    { "value": "60000", "text": "$60,000" },
    { "value": "75000", "text": "$75,000" },
    { "value": "90000", "text": "$90,000" },
    { "value": "120000", "text": "$120,000" },
    { "value": "150000", "text": "$150,000" },
    { "value": "180000", "text": "$180,000" },
    { "value": "225000", "text": "$225,000" },
    { "value": "300000", "text": "$300,000" },
    { "value": "375000", "text": "$375,000" },
    { "value": "450000", "text": "$450,000" },
    { "value": "600000", "text": "$600,000" },
    { "value": "750000", "text": "$750,000" },
    { "value": "900000", "text": "$900,000" },
    { "value": "1200000", "text": "$1,200,000" },
    { "value": "1500000", "text": "$1,500,000" },
    { "value": "2000000", "text": "$2,000,000" },
    { "value": "2500000", "text": "$2,500,000" }
  ],
  "sfg_APLL_comp_deductible": [
    { "value": "500", "text": "$500" },
    { "value": "1000", "text": "$1,000" },
    { "value": "2500", "text": "$2,500" },
    { "value": "5000", "text": "$5,000" }
  ],
  "sfg_APLL_coll_deductible": [
    { "value": "500", "text": "$500" },
    { "value": "1000", "text": "$1,000" }
  ],
  "sfg_CDWT_limit": [
    { "value": "5000", "text": "$5,000" },
    { "value": "10000", "text": "$10,000" }
  ],
  "sfg_RSEN_spoilageClass": [
    { "value": "1-Bakery Goods", "text": "Bakery Goods" },
    { "value": "1-Cheese Shops", "text": "Cheese Shops" },
    { "value": "2-Convenience Food Stores", "text": "Convenience Food Stores" },
    {
      "value": "2-Dairy Products, excluding Ice Cream",
      "text": "Dairy Products, excluding Ice Cream"
    },
    {
      "value": "3-Dairy Products, including Ice Cream",
      "text": "Dairy Products, including Ice Cream"
    },
    { "value": "1-Delicatessens", "text": "Delicatessens" },
    { "value": "3-Florists", "text": "Florists" },
    { "value": "1-Fruits and Vegetables", "text": "Fruits and Vegetables" },
    { "value": "2-Grocery Stores", "text": "Grocery Stores" },
    {
      "value": "2-Meat and Poultry Markets",
      "text": "Meat and Poultry Markets"
    },
    { "value": "2-Pharmaceuticals", "text": "Pharmaceuticals" },
    { "value": "1-Restaurants", "text": "Restaurants" },
    { "value": "3-Seafood", "text": "Seafood" },
    { "value": "2-Supermarkets", "text": "Supermarkets" }
  ],
  "sfg_RSEN_coverageType": [
    { "value": "1", "text": "Breakdown/Contamination" },
    { "value": "2", "text": "Power Outage" },
    { "value": "3", "text": "Breakdown/Contamination/Power Outage" }
  ],
  "sfg_InterestType": [
    { "value": "11", "text": "Additional Interest" },
    { "value": "04", "text": "Additional Insured" },
    { "value": "02", "text": "Additional Named Insured" },
    { "value": "31", "text": "Building Owner" },
    { "value": "08", "text": "Contract of Sale" },
    { "value": "06", "text": "Lenders Payable" },
    { "value": "03", "text": "Loss Payee" },
    { "value": "05", "text": "Mortgagee" },
    { "value": "30", "text": "Waiver of Subrogation" }
  ],
  "cap_symbols_liability":[
    { "value": "1", "text": "1 - Any Auto (includes symbols 8 & 9)"},
    { "value": "7", "text": "7 - Specifically Described Autos"},
    { "value": "7,8", "text": "7,8 - Specifically Described Autos (and Non-Owned)"},
    { "value": "7,8,9", "text": "7,8,9 - Specifically Described Autos (with Hired and Non-Owned)"}
  ],
  "cap_symbols_umUIM":[
    { "value": "7", "text": "7 - Specifically Described Autos"}
  ],
  "cap_symbols_pip":[
    { "value": "5", "text": "5 - Owned Autos Subject to No-Fault"},
    { "value": "7", "text": "7 - Specifically Described Autos"}
  ],
  "cap_symbols_pip_TX":[
    { "value": "5", "text": "5 - Owned Autos Subject to No-Fault"},
    { "value": "7", "text": "7 - Specifically Described Autos"},
    {"value": "0", "text":"No Coverage"}
  ],
  "cap_symbols_additionalPip":[
    {"value": "5", "text":"5 - Owned Autos Subject to No-Fault"},
  	{"value": "7", "text":"7 - Specifically Described Autos"},
  	{"value": "0", "text":"No Coverage"}
  ],
  "cap_symbols_medPay":[
    { "value": "7", "text": "7 - Specifically Described Autos"},
    {"value": "0", "text":"No Coverage"}
  ],
  "cap_symbols_comp":[
    { "value": "7", "text": "7 - Specifically Described Autos"},
    { "value": "7,8", "text": "7,8 - Specifically Described Autos (with Hired Autos)"},
    {"value": "0", "text":"No Coverage"}
  ],
  "cap_symbols_comp_PremierSymbol":[
    { "value": "7", "text": "7 - Specifically Described Autos"},
    {"value": "0", "text":"No Coverage"}
  ],
  "cap_symbols_coll":[
    { "value": "7", "text": "7 - Specifically Described Autos"},
    { "value": "7,8", "text": "7,8 - Specifically Described Autos (with Hired Autos)"},
    {"value": "0", "text":"No Coverage"}
  ],
  "cap_symbols_coll_PremierSymbol":[
    { "value": "7", "text": "7 - Specifically Described Autos"},
    {"value": "0", "text":"No Coverage"}
  ],
  "cap_symbols_tow":[
    { "value": "3", "text": "3 - Owned Private Passenger"},
    {"value": "0", "text":"No Coverage"}
  ],
  "cap_liabilityLimit":[
    {"value": "100000", "text":"$100,000"},
    {"value": "300000", "text":"$300,000"},
    {"value": "500000", "text":"$500,000"},
    {"value": "1000000", "text":"$1,000,000"}
  ],
  "cap_medPayLimit":[
    {"value": "500", "text":"$500"},
    {"value": "1000", "text":"$1,000"},
    {"value": "2000", "text":"$2,000"},
    {"value": "2500", "text":"$2,500"},
    {"value": "5000", "text":"$5,000"}
  ],
  "cap_compDeductible":[
    {"value": "500", "text":"$500"},
    {"value": "1000", "text":"$1,000"},
    {"value": "2000", "text":"$2,000"},
    {"value": "3000", "text":"$3,000"},
    {"value": "5000", "text":"$5,000"}
  ],
  "cap_collDeductible":[
    {"value": "500", "text":"$500"},
    {"value": "1000", "text":"$1,000"},
    {"value": "2000", "text":"$2,000"},
    {"value": "3000", "text":"$3,000"},
    {"value": "5000", "text":"$5,000"}
  ],
  "cap_InterestType":[
    {"value": "07", "text":"Additional Insured Lessor"},
    {"value": "12", "text":"Loss Payee Other"}
  ],
  "wcp_employersLiability": [
    {"value": "100000/500000/100000", "text": "100,000/500,000/100,000"},
    {"value": "500000/500000/500000", "text": "500,000/500,000/500,000"},
    {"value": "1000000/1000000/1000000", "text": "1,000,000/1,000,000/1,000,000"}
  ],
  "wcp_smallDeductible1": [
    {"value":"100", "text":"$100"},
    {"value":"200", "text":"$200"},
    {"value":"300", "text":"$300"},
    {"value":"400", "text":"$400"},
    {"value":"500", "text":"$500"},
    {"value":"1000", "text":"$1,000"},
    {"value":"1500", "text":"$1,500"},
    {"value":"2000", "text":"$2,000"},
    {"value":"2500", "text":"$2,500"},
    {"value":"3000", "text":"$3,000"},
    {"value":"3500", "text":"$3,500"},
    {"value":"4000", "text":"$4,000"},
    {"value":"4500", "text":"$4,500"},
    {"value":"5000", "text":"$5,000"},
    {"value":"7500", "text":"$7,500"},
    {"value":"10000", "text":"$10,000"},
    {"value":"25000", "text":"$25,000"}
  ],
  "wcp_smallDeductible1_AL_GA": [
    {"value":"100", "text":"$100"},
    {"value":"200", "text":"$200"},
    {"value":"300", "text":"$300"},
    {"value":"400", "text":"$400"},
    {"value":"500", "text":"$500"},
    {"value":"1000", "text":"$1,000"},
    {"value":"1500", "text":"$1,500"},
    {"value":"2000", "text":"$2,000"},
    {"value":"2500", "text":"$2,500"}
  ],
  "wcp_smallDeductible1_AR": [
    {"value":"1000", "text":"$1,000"},
    {"value":"1500", "text":"$1,500"},
    {"value":"2000", "text":"$2,000"},
    {"value":"2500", "text":"$2,500"},
    {"value":"3000", "text":"$3,000"},
    {"value":"3500", "text":"$3,500"},
    {"value":"4000", "text":"$4,000"},
    {"value":"4500", "text":"$4,500"},
    {"value":"5000", "text":"$5,000"}
  ],
  "wcp_smallDeductible1_IL" : [
    {"value":"1000", "text":"$1,000"}
  ],
  "wcp_smallDeductible1_KS" : [
    {"value":"100", "text":"$100"},
    {"value":"200", "text":"$200"},
    {"value":"300", "text":"$300"},
    {"value":"400", "text":"$400"},
    {"value":"500", "text":"$500"},
    {"value":"1000", "text":"$1,000"},
    {"value":"1500", "text":"$1,500"},
    {"value":"2000", "text":"$2,000"},
    {"value":"2500", "text":"$2,500"},
    {"value":"5000", "text":"$5,000"},
    {"value":"10000", "text":"$10,000"}
  ],
  "wcp_smallDeductible1_KY_MS_TN": [
    {"value":"100", "text":"$100"},
    {"value":"200", "text":"$200"},
    {"value":"300", "text":"$300"},
    {"value":"400", "text":"$400"},
    {"value":"500", "text":"$500"},
    {"value":"1000", "text":"$1,000"},
    {"value":"1500", "text":"$1,500"},
    {"value":"2000", "text":"$2,000"},
    {"value":"2500", "text":"$2,500"},
    {"value":"5000", "text":"$5,000"},
    {"value":"7500", "text":"$7,500"},
    {"value":"10000", "text":"$10,000"}
  ],
  "wcp_smallDeductible1_IA_NE_SD": [
    {"value":"100", "text":"$100"},
    {"value":"1000", "text":"$1,000"},
    {"value":"1500", "text":"$1,500"},
    {"value":"2000", "text":"$2,000"},
    {"value":"2500", "text":"$2,500"}
  ],
  "wcp_smallDeductible1_MO" :[
    {"value":"100", "text":"$100"},
    {"value":"200", "text":"$200"},
    {"value":"300", "text":"$300"},
    {"value":"400", "text":"$400"},
    {"value":"500", "text":"$500"},
    {"value":"1000", "text":"$1,000"},
    {"value":"1500", "text":"$1,500"},
    {"value":"2000", "text":"$2,000"},
    {"value":"2500", "text":"$2,500"},
    {"value":"5000", "text":"$5,000"},
    {"value":"10000", "text":"$10,000"},
    {"value":"15000", "text":"$15,000"},
    {"value":"20000", "text":"$20,000"}
  ],
  "wcp_smallDeductible1_NM" :[
    {"value":"100", "text":"$100"},
    {"value":"1000", "text":"$1,000"},
    {"value":"1500", "text":"$1,500"},
    {"value":"2000", "text":"$2,000"},
    {"value":"2500", "text":"$2,500"},
    {"value":"5000", "text":"$5,000"},
    {"value":"10000", "text":"$10,000"}
  ],
  "wcp_smallDeductible1_OK": [
    {"value":"1000", "text":"$1,000"},
    {"value":"2000", "text":"$2,000"},
    {"value":"3000", "text":"$3,000"},
    {"value":"4000", "text":"$4,000"},
    {"value":"5000", "text":"$5,000"}
  ],
  "wcp_smallDeductible1_TX": [
    {"value":"500", "text":"$500"},
    {"value":"1000", "text":"$1,000"},
    {"value":"1500", "text":"$1,500"},
    {"value":"2000", "text":"$2,000"},
    {"value":"2500", "text":"$2,500"},
    {"value":"5000", "text":"$5,000"},
    {"value":"10000", "text":"$10,000"},
    {"value":"25000", "text":"$25,000"}
  ],
  "wcp_smallDeductible2": [
    { "value":"1-AR", "text":"1 - Total Losses"},
    { "value":"2-AR", "text":"2 - Indemnity Losses Only"},
    { "value":"3-AR", "text":"3 - Medical Losses Only"},
    { "value":"1-IA", "text":"1 - Insured Paid Deductible to Provider"},
    { "value":"2-IA", "text":"2 - Carrier Reimbursed Deductible"},
    { "value":"1-KS", "text":"1 - Insured Paid Deductible to Provider"},
    { "value":"2-KS", "text":"2 - Carrier Reimbursed Deductible"},
    { "value":"1-SD", "text":"1 - Indemnity and Medical"},
    { "value":"2-SD", "text":"2 - Medical Only"},
    { "value":"1-TX", "text":"1 - Total Per Accident" },
    { "value":"2-TX", "text":"2 - Medical Per Claim" },
    { "value":"3-TX", "text":"3 - Total Per Claim" }
  ],
  "wcp_smallDeductible2_AR": [
    { "value":"1", "text":"1 - Total Losses"},
    { "value":"2", "text":"2 - Indemnity Losses Only"},
    { "value":"3", "text":"3 - Medical Losses Only"}
  ],
  "wcp_smallDeductible2_IA": [
    { "value":"1", "text":"1 - Insured Paid Deductible to Provider"},
    { "value":"2", "text":"2 - Carrier Reimbursed Deductible"}
  ],
  "wcp_smallDeductible2_KS": [
    { "value":"1", "text":"1 - Insured Paid Deductible to Provider"},
    { "value":"2", "text":"2 - Carrier Reimbursed Deductible"}
  ],
  "wcp_smallDeductible2_SD": [
    { "value":"1", "text":"1 - Indemnity and Medical"},
    { "value":"2", "text":"2 - Medical Only"}
  ],
  "wcp_smallDeductible2_TX": [
    { "value":"1", "text":"1 - Total Per Accident" },
    { "value":"2", "text":"2 - Medical Per Claim" },
    { "value":"3", "text":"3 - Total Per Claim" }
  ],
  "wcp_timeLostClaims": [
    {"value":"0", "text": "None"},
    {"value":"1", "text": "1"},
    {"value":"2", "text": "2+"}
  ],
  "cap_umCombinedSingleLimit" :[
    {"value":"50000", "text":"$50,000"},
    {"value":"60000", "text":"$60,000"},
    {"value":"65000", "text":"$65,000"},
    {"value":"70000", "text":"$70,000"},
    {"value":"75000", "text":"$75,000"},
    {"value":"85000", "text":"$85,000"},
    {"value":"100000", "text":"$100,000"},
    {"value":"125000", "text":"$125,000"},
    {"value":"150000", "text":"$150,000"},
    {"value":"200000", "text":"$200,000"},
    {"value":"250000", "text":"$250,000"},
    {"value":"300000", "text":"$300,000"},
    {"value":"350000", "text":"$350,000"},
    {"value":"400000", "text":"$400,000"},
    {"value":"500000", "text":"$500,000"},
    {"value":"600000", "text":"$600,000"},
    {"value":"750000", "text":"$750,000"},
    {"value":"1000000", "text":"$1,000,000"}
  ],
  "cap_umCSL_AL_AR_GA_MS_OK" :[
    {"value":"75000", "text":"$75,000"},
    {"value":"100000", "text":"$100,000"},
    {"value":"125000", "text":"$125,000"},
    {"value":"150000", "text":"$150,000"},
    {"value":"200000", "text":"$200,000"},
    {"value":"250000", "text":"$250,000"},
    {"value":"300000", "text":"$300,000"},
    {"value":"350000", "text":"$350,000"},
    {"value":"400000", "text":"$400,000"},
    {"value":"500000", "text":"$500,000"},
    {"value":"600000", "text":"$600,000"},
    {"value":"750000", "text":"$750,000"},
    {"value":"1000000", "text":"$1,000,000"}
  ],
  "cap_umCSL_KS_MO" :[
    {"value":"50000", "text":"$50,000"},
    {"value":"60000", "text":"$60,000"},
    {"value":"100000", "text":"$100,000"},
    {"value":"125000", "text":"$125,000"},
    {"value":"150000", "text":"$150,000"},
    {"value":"200000", "text":"$200,000"},
    {"value":"250000", "text":"$250,000"},
    {"value":"300000", "text":"$300,000"},
    {"value":"350000", "text":"$350,000"},
    {"value":"400000", "text":"$400,000"},
    {"value":"500000", "text":"$500,000"},
    {"value":"600000", "text":"$600,000"},
    {"value":"750000", "text":"$750,000"},
    {"value":"1000000", "text":"$1,000,000"}
  ],
  "cap_umCSL_TN" :[
    {"value":"65000", "text":"$65,000"},
    {"value":"100000", "text":"$100,000"},
    {"value":"125000", "text":"$125,000"},
    {"value":"150000", "text":"$150,000"},
    {"value":"200000", "text":"$200,000"},
    {"value":"250000", "text":"$250,000"},
    {"value":"300000", "text":"$300,000"},
    {"value":"350000", "text":"$350,000"},
    {"value":"400000", "text":"$400,000"},
    {"value":"500000", "text":"$500,000"},
    {"value":"600000", "text":"$600,000"},
    {"value":"750000", "text":"$750,000"},
    {"value":"1000000", "text":"$1,000,000"}
  ],
  "cap_umCSL_IL" :[
    {"value":"70000", "text":"$70,000"},
    {"value":"100000", "text":"$100,000"},
    {"value":"125000", "text":"$125,000"},
    {"value":"150000", "text":"$150,000"},
    {"value":"200000", "text":"$200,000"},
    {"value":"250000", "text":"$250,000"},
    {"value":"300000", "text":"$300,000"},
    {"value":"350000", "text":"$350,000"},
    {"value":"400000", "text":"$400,000"},
    {"value":"500000", "text":"$500,000"},
    {"value":"600000", "text":"$600,000"},
    {"value":"750000", "text":"$750,000"},
    {"value":"1000000", "text":"$1,000,000"}
  ],
  "cap_umCSL_IA_NE" :[
    {"value":"100000", "text":"$100,000"},
    {"value":"125000", "text":"$125,000"},
    {"value":"150000", "text":"$150,000"},
    {"value":"200000", "text":"$200,000"},
    {"value":"250000", "text":"$250,000"},
    {"value":"300000", "text":"$300,000"},
    {"value":"350000", "text":"$350,000"},
    {"value":"400000", "text":"$400,000"},
    {"value":"500000", "text":"$500,000"},
    {"value":"600000", "text":"$600,000"},
    {"value":"750000", "text":"$750,000"},
    {"value":"1000000", "text":"$1,000,000"}
  ],  
  "cap_umCSL_SD" :[
    {"value":"50000", "text":"$50,000"},
    {"value":"75000", "text":"$75,000"},
    {"value":"100000", "text":"$100,000"},
    {"value":"125000", "text":"$125,000"},
    {"value":"150000", "text":"$150,000"},
    {"value":"200000", "text":"$200,000"},
    {"value":"250000", "text":"$250,000"},
    {"value":"300000", "text":"$300,000"},
    {"value":"350000", "text":"$350,000"},
    {"value":"400000", "text":"$400,000"},
    {"value":"500000", "text":"$500,000"},
    {"value":"600000", "text":"$600,000"},
    {"value":"750000", "text":"$750,000"},
    {"value":"1000000", "text":"$1,000,000"}
  ],
  "cap_umCSL_TX" :[
    {"value":"85000", "text":"$85,000"},
    {"value":"100000", "text":"$100,000"},
    {"value":"125000", "text":"$125,000"},
    {"value":"150000", "text":"$150,000"},
    {"value":"200000", "text":"$200,000"},
    {"value":"250000", "text":"$250,000"},
    {"value":"350000", "text":"$350,000"},
    {"value":"500000", "text":"$500,000"},
    {"value":"1000000", "text":"$1,000,000"}
  ],
  "cap_towingLimitDisablement":[
    {"value":"50", "text":"$50"},
    {"value":"100", "text":"$100"},
    {"value":"200", "text":"$200"}
  ],
  "cap_otherThanCollisionDeductible":[
    {"value":"100", "text":"$100"}
  ],
  "cap_collisionDeductible":[
    {"value":"500", "text":"$500"},
    {"value":"1000", "text":"$1,000"}
  ],
  "cap_additionalPip": [
    {"value": "1", "text": "Option 1 ($12,500 / $12,500 / $2,000 / $1,050)"},
    {"value": "2", "text": "Option 2 ($27,500 / $27,500 / $2,500 / $1,250)"},
    {"value": "1-10,000-50", "text": "1 - 10,000 / 50"},
    {"value": "2-20,000-100", "text": "2 - 20,000 / 100"},
    {"value": "3-30,000-200", "text": "3 - 30,000 / 200"},
    {"value": "4-40,000-300", "text": "4 - 40,000 / 300"},
    {"value": "5-65,000-400", "text": "5 - 65,000 / 400"},
    {"value": "6-90,000-550", "text": "6 - 90,000 / 550"}
  ],
  "cap_additionalPipKS": [
    {"value": "1", "text": "Option 1 ($12,500 / $12,500 / $2,000 / $1,050)"},
    {"value": "2", "text": "Option 2 ($27,500 / $27,500 / $2,500 / $1,250)"}
  ],
  "cap_additionalPipKY": [
    {"value": "1-10,000-50", "text": "1 - 10,000 / 50"},
    {"value": "2-20,000-100", "text": "2 - 20,000 / 100"},
    {"value": "3-30,000-200", "text": "3 - 30,000 / 200"},
    {"value": "4-40,000-300", "text": "4 - 40,000 / 300"},
    {"value": "5-65,000-400", "text": "5 - 65,000 / 400"},
    {"value": "6-90,000-550", "text": "6 - 90,000 / 550"}
  ],
  "cap_umDeductible": [
    {"value":"2", "text":"500"},
    {"value":"3", "text":"1,000"},
    {"value":"4", "text":"2,000"},
    {"value":"1", "text":"None"}
  ],
  "cap_umPdLimit": [
    {"value":"50000", "text":"$50,000"},
    {"value":"100000", "text":"$100,000"}
  ],
  "cap_pipMisc1": [
    {"value":"1", "text":"0-49%"},
    {"value":"2", "text":"50-99%"},
    {"value":"3", "text":"100%"}
  ],
  "cap_pipDeductible": [
    {"value":"1-250", "text":"$250"},
    {"value":"2-500", "text":"$500"},
    {"value":"3-1,000", "text":"$1,000"}
  ],
    "cap_otcDedOverride": [
      {"value": "0", "text": "Same as policy"},
      {"value": "1000", "text": "$1,000"},
      {"value": "2000", "text": "$2,000"},
      {"value": "3000", "text": "$3,000"},
      {"value": "5000", "text": "$5,000"}
    ],
    "cap_collDedOverride": [
      {"value": "0", "text": "Same as policy"},
      {"value": "1000", "text": "$1,000"},
      {"value": "2000", "text": "$2,000"},
      {"value": "3000", "text": "$3,000"},
      {"value": "5000", "text": "$5,000"}
  ],
  "cap_pipLimit":[
    {"value": "0", "text": "Reject"},
    {"value": "2500", "text": "$2,500"},
    {"value": "5000", "text": "$5,000"}
  ]
  ,
  "cap_vehType": [
    {"value":"3", "text":"Trucks (incl P/U & panels)"},
    {"value":"4", "text":"Trucks - Tractors"},
    {"value":"2", "text":"Private Passenger"},
    {"value":"5", "text":"Trailers cap ovr 2,000"},
    {"value":"7", "text":"Service/Utility Trailer"},
    {"value":"6", "text":"Semi - Trailer"},
    {"value":"16", "text":"Church Bus"},
    {"value":"18", "text":"Funeral Dir - Hearse"},
    {"value":"17", "text":"Funeral Dir - Limo"}
  ],
  "cap_vehRadius": [
    {"value":"1", "text":"Local (0-50 miles)"},
    {"value":"2", "text":"Intermediate (51-200 miles)"}
  ],
  "cap_seatingCapacity": [
    {"value":"1", "text":"1 - 8"},
    {"value":"2", "text":"9 - 20"},
    {"value":"3", "text":"21 - 60"}
  ],
  "cap_pptUse": [
    {"value":"1", "text":"Not driven to work or school"},
    {"value":"2", "text":"Driven to/from work < 15 miles"},
    {"value":"3", "text":"Driven to/from work > 15 miles"}
  ],
  "cap_pptExperience": [
    {"value":"1", "text":"No Operator Licensed less than 5 years"},
    {"value":"2", "text":"Licensed < 5 years, not owner/principal operator"},
    {"value":"3", "text":"Owner or principal operator licensed < 5 years"}
  ],
  "cap_secondaryClassCodes": [
    {"value":"81", "text":"Contractors - Building - Commercial (81)"},
    {"value":"82", "text":"Contractors - Building - Private Dwellings (82)"},
    {"value":"83", "text":"Contractors - Electrical, Plumbing, Masonry, Plastering and other repair service (83)"},
    {"value":"89", "text":"Contractors - All Other (89)"},
    {"value":"32", "text":"Food Delivery - Fish and Seafood (32)"},
    {"value":"33", "text":"Food Delivery - Frozen Food (33)"},
    {"value":"34", "text":"Food Delivery - Fruit and Vegetable (34)"},
    {"value":"35", "text":"Food Delivery - Meat and Poultry (35)"},
    {"value":"39", "text":"Food Delivery - All Other (39)"},
    {"value":"99", "text":"Not Otherwise Classified - All Other (99)"},
    {"value":"42", "text":"Specialized Delivery - Film Delivery (42)"},
    {"value":"43", "text":"Specialized Delivery - Magazines or Newspapers (43)"},
    {"value":"49", "text":"Specialized Delivery - All Other (49)"}
  ],
  "wcp_includedExcluded": [
    {"value":"INC", "text":"Included"},
    {"value":"EXC", "text":"Excluded"}
  ],
  "wcp_title": [
    {"value":"SOLE", "text":"Sole Proprietor"},
    {"value":"PARTNERS", "text":"Partners"},
    {"value":"OFFICERS", "text":"Officers"}
  ],
  "cap_vehSizeTrucks": [
    {"value":"1", "text":"Light (0-10,000 lbs)"},
    {"value":"2", "text":"Medium (10,001-20,000 lbs)"},
    {"value":"3", "text":"Heavy (20,001-45,000 lbs)"},
    {"value":"4", "text":"Extra Heavy (over 45,000 lbs)"}
  ],
  "cap_vehSizeTrucksTractors": [
    {"value":"3", "text":"Heavy (0-45,000 lbs)"},
    {"value":"4", "text":"Extra Heavy (over 45,000 lbs)"}
  ],
  "cup_umbrellaLimit": [
    {"value":"1000000", "text":"$1,000,000"},
    {"value":"2000000", "text":"$2,000,000"},
    {"value":"3000000", "text":"$3,000,000"},
    {"value":"4000000", "text":"$4,000,000"},
    {"value":"5000000", "text":"$5,000,000"}
  ],
  "cup_limitPerAccident":[
    {"value":"100000", "text":"$100,000"},
    {"value":"500000", "text":"$500,000"},
    {"value":"1000000", "text":"$1,000,000"}
  ],
  "cup_biPerPerson":[
    {"value":"500000", "text":"$500,000"},
    {"value":"1000000", "text":"$1,000,000"}
  ],
  "cup_liabilityMedicalAggLimit":[
    {"value":"100000", "text":"$100,000"},
    {"value":"500000", "text":"$500,000"},
    {"value":"1000000", "text":"$1,000,000"}
  ],
  "modifier_indicators": [
    { "value": "underwriter", "text": "Underwriting File" },
    { "value": "inspection", "text": "Inspection Report" },
    { "value": "producer", "text": "Producer or Insured Information" },
    { "value": "other", "text": "Other (explain)" }
  ],
  "modifier_judgement": [
    { "value": "A", "text": "Above standard and deserving of the above documented credits" },
    { "value": "N", "text": "Standard risk not deserving of judgement credit or debit" },
    { "value": "B", "text": "Below standard risk characteristics warranting above documented debits" }
  ],
  "modifier_characteristics": {
    "AL": {
      "bpp": [
        {"value": "management", "text": "Management"},
        {"value": "location", "text": "Location"},
        {"value": "buildingFeatures", "text": "Building Features"},
        {"value": "premisesAndEquipment", "text": "Premises and Equipment"},
        {"value": "employees", "text": "Employees"},
        {"value": "protection", "text": "Protection"}
      ],
      "cap": [
        {"value": "management", "text": "Management"},
        {"value": "employees", "text": "Employees"},
        {"value": "equipment", "text": "Equipment"},
        {"value": "safetyOrganization", "text": "Safety Organization"},
        {"value": "dispersionValuesInsured" , "text": "Dispersion or Concentration of Values Insured"}
      ],
      "wcp": [
        {"value": "premises", "text": "Premises"},
        {"value": "classificationPeculiarities", "text": "Classification Peculiarities"},
        {"value": "medicalFacilities", "text": "Medical Facilities"},
        {"value": "safetyDevices", "text": "Safety Devices"},
        {"value": "employees", "text": "Employees"},
        {"value": "managementCooperationWithInsuranceCarrier", "text": "Management: Cooperation With Insurance Carrier"},
        {"value": "managementSafetyOrganization", "text": "Management: Safety Organization"}
      ]
    },
    "AR": {
      "bpp": [
        {"value": "management", "text": "Management"},
        {"value": "location", "text": "Location"},
        {"value": "buildingFeatures", "text": "Building Features"},
        {"value": "premisesAndEquipment", "text": "Premises and Equipment"},
        {"value": "employees", "text": "Employees"},
        {"value": "protection", "text": "Protection"}
      ],
      "cap": [
        {"value": "management", "text": "Management"},
        {"value": "employees", "text": "Employees"},
        {"value": "equipment", "text": "Equipment"},
        {"value": "safetyOrganization", "text": "Safety Organization"},
        {"value": "dispersionValuesInsured" , "text": "Dispersion or Concentration of Values Insured"}
      ],
      "wcp": [
        {"value": "premises", "text": "Premises"},
        {"value": "classificationPeculiarities", "text": "Classification Peculiarities"},
        {"value": "medicalFacilities", "text": "Medical Facilities"},
        {"value": "safetyDevices", "text": "Safety Devices"},
        {"value": "employees", "text": "Employees"},
        {"value": "managementCooperationWithInsuranceCarrier", "text": "Management: Cooperation With Insurance Carrier"},
        {"value": "managementSafetyOrganization", "text": "Management: Safety Organization"}
      ]
    },
    "GA": {
      "bpp": [
        {"value": "management", "text": "Management"},
        {"value": "location", "text": "Location"},
        {"value": "buildingFeatures", "text": "Building Features"},
        {"value": "premisesAndEquipment", "text": "Premises and Equipment"},
        {"value": "employees", "text": "Employees"},
        {"value": "protection", "text": "Protection"}
      ],
      "cap": [
        {"value": "management", "text": "Management"},
        {"value": "employees", "text": "Employees"},
        {"value": "equipment", "text": "Equipment"},
        {"value": "safetyOrganization", "text": "Safety Organization"},
        {"value": "dispersionValuesInsured" , "text": "Dispersion or Concentration of Values Insured"}
      ],
      "wcp": [
        {"value": "premises", "text": "Premises"},
        {"value": "classificationPeculiarities", "text": "Classification Peculiarities"},
        {"value": "medicalFacilities", "text": "Medical Facilities"},
        {"value": "safetyDevices", "text": "Safety Devices"},
        {"value": "employees", "text": "Employees"},
        {"value": "managementCooperationWithInsuranceCarrier", "text": "Management: Cooperation With Insurance Carrier"},
        {"value": "managementSafetyOrganization", "text": "Management: Safety Organization"}
      ]
    },
    "IA": {
      "bpp": [
        {"value": "management", "text": "Management"},
        {"value": "location", "text": "Location"},
        {"value": "buildingFeatures", "text": "Building Features"},
        {"value": "premisesAndEquipment", "text": "Premises and Equipment"},
        {"value": "employees", "text": "Employees"},
        {"value": "protection", "text": "Protection"}
      ],
      "cap": [
        {"value": "management", "text": "Management"},
        {"value": "employees", "text": "Employees"},
        {"value": "equipment", "text": "Equipment"},
        {"value": "safetyOrganization", "text": "Safety Organization"},
        {"value": "dispersionValuesInsured" , "text": "Dispersion or Concentration of Values Insured"}
      ],
      "wcp": [
        {"value": "premises", "text": "Premises"},
        {"value": "classificationPeculiarities", "text": "Classification Peculiarities"},
        {"value": "medicalFacilities", "text": "Medical Facilities"},
        {"value": "safetyDevices", "text": "Safety Devices"},
        {"value": "employees", "text": "Employees"},
        {"value": "managementCooperationWithInsuranceCarrier", "text": "Management: Cooperation With Insurance Carrier"},
        {"value": "managementSafetyOrganization", "text": "Management: Safety Organization"}
      ]
    },
    "IL": {
      "bpp": [
        {"value": "management", "text": "Management"},
        {"value": "location", "text": "Location"},
        {"value": "buildingFeatures", "text": "Building Features"},
        {"value": "premisesAndEquipment", "text": "Premises and Equipment"},
        {"value": "employees", "text": "Employees"},
        {"value": "protection", "text": "Protection"}
      ],
      "cap": [
        {"value": "management", "text": "Management"},
        {"value": "employees", "text": "Employees"},
        {"value": "equipment", "text": "Equipment"},
        {"value": "safetyOrganization", "text": "Safety Organization"},
        {"value": "dispersionValuesInsured" , "text": "Dispersion or Concentration of Values Insured"}
      ],
      "wcp": [
        {"value": "premises", "text": "Premises"},
        {"value": "classificationPeculiarities", "text": "Classification Peculiarities"},
        {"value": "medicalFacilities", "text": "Medical Facilities"},
        {"value": "safetyDevices", "text": "Safety Devices"},
        {"value": "employees", "text": "Employees"},
        {"value": "managementCooperationWithInsuranceCarrier", "text": "Management: Cooperation With Insurance Carrier"},
        {"value": "managementSafetyOrganization", "text": "Management: Safety Organization"}
      ]
    },    
    "KS": {
      "bpp": [
        {"value": "management", "text": "Management"},
        {"value": "location", "text": "Location"},
        {"value": "buildingFeatures", "text": "Building Features"},
        {"value": "premisesAndEquipment", "text": "Premises and Equipment"},
        {"value": "employees", "text": "Employees"},
        {"value": "protection", "text": "Protection"}
      ],
      "cap": [
        {"value": "management", "text": "Management"},
        {"value": "employees", "text": "Employees"},
        {"value": "equipment", "text": "Equipment"},
        {"value": "safetyOrganization", "text": "Safety Organization"},
        {"value": "dispersionValuesInsured" , "text": "Dispersion or Concentration of Values Insured"}
      ],
      "wcp": [
        {"value": "premises", "text": "Premises"},
        {"value": "classificationPeculiarities", "text": "Classification Peculiarities"},
        {"value": "medicalFacilities", "text": "Medical Facilities"},
        {"value": "safetyDevices", "text": "Safety Devices"},
        {"value": "employees", "text": "Employees"},
        {"value": "managementCooperationWithInsuranceCarrier", "text": "Management: Cooperation With Insurance Carrier"},
        {"value": "managementSafetyOrganization", "text": "Management: Safety Organization"}
      ]
    },
    "KY": {
      "bpp": [
        {"value": "management", "text": "Management"},
        {"value": "location", "text": "Location"},
        {"value": "buildingFeatures", "text": "Building Features"},
        {"value": "premisesAndEquipment", "text": "Premises and Equipment"},
        {"value": "employees", "text": "Employees"},
        {"value": "protection", "text": "Protection"}
      ],
      "cap": [
        {"value": "management", "text": "Management"},
        {"value": "employees", "text": "Employees"},
        {"value": "equipment", "text": "Equipment"},
        {"value": "safetyOrganization", "text": "Safety Organization"},
        {"value": "dispersionValuesInsured" , "text": "Dispersion or Concentration of Values Insured"}
      ],
      "wcp": [
        {"value": "premises", "text": "Premises"},
        {"value": "classificationPeculiarities", "text": "Classification Peculiarities"},
        {"value": "medicalFacilities", "text": "Medical Facilities"},
        {"value": "safetyDevices", "text": "Safety Devices"},
        {"value": "employees", "text": "Employees"},
        {"value": "managementCooperationWithInsuranceCarrier", "text": "Management: Cooperation With Insurance Carrier"},
        {"value": "managementSafetyOrganization", "text": "Management: Safety Organization"}
      ]
    },
    "MO": {
      "bpp": [
        {"value": "management", "text": "Management"},
        {"value": "location", "text": "Location"},
        {"value": "buildingFeatures", "text": "Building Features"},
        {"value": "premisesAndEquipment", "text": "Premises and Equipment"},
        {"value": "employees", "text": "Employees"},
        {"value": "protection", "text": "Protection"}
      ],
      "cap": [
        {"value": "management", "text": "Management"},
        {"value": "employees", "text": "Employees"},
        {"value": "equipment", "text": "Equipment"},
        {"value": "safetyOrganization", "text": "Safety Organization"},
        {"value": "dispersionValuesInsured" , "text": "Dispersion or Concentration of Values Insured"}
      ],
      "wcp": [
        {"value": "premises", "text": "Premises"},
        {"value": "classificationPeculiarities", "text": "Classification Peculiarities"},
        {"value": "medicalFacilities", "text": "Medical Facilities"},
        {"value": "safetyDevices", "text": "Safety Devices"},
        {"value": "employees", "text": "Employees"},
        {"value": "managementCooperationWithInsuranceCarrier", "text": "Management: Cooperation With Insurance Carrier"},
        {"value": "managementSafetyOrganization", "text": "Management: Safety Organization"}
      ]
    },
    "MS": {
      "bpp": [
        {"value": "management", "text": "Management"},
        {"value": "location", "text": "Location"},
        {"value": "buildingFeatures", "text": "Building Features"},
        {"value": "premisesAndEquipment", "text": "Premises and Equipment"},
        {"value": "employees", "text": "Employees"},
        {"value": "protection", "text": "Protection"}
      ],
      "cap": [
        {"value": "management", "text": "Management"},
        {"value": "employees", "text": "Employees"},
        {"value": "equipment", "text": "Equipment"},
        {"value": "safetyOrganization", "text": "Safety Organization"},
        {"value": "dispersionValuesInsured" , "text": "Dispersion or Concentration of Values Insured"}
      ],
      "wcp": [
        {"value": "premises", "text": "Premises"},
        {"value": "classificationPeculiarities", "text": "Classification Peculiarities"},
        {"value": "medicalFacilities", "text": "Medical Facilities"},
        {"value": "safetyDevices", "text": "Safety Devices"},
        {"value": "employees", "text": "Employees"},
        {"value": "managementCooperationWithInsuranceCarrier", "text": "Management: Cooperation With Insurance Carrier"},
        {"value": "managementSafetyOrganization", "text": "Management: Safety Organization"}
      ]
    },
    "OK": {
      "bpp": [
        {"value": "management", "text": "Management"},
        {"value": "location", "text": "Location"},
        {"value": "buildingFeatures", "text": "Building Features"},
        {"value": "premisesAndEquipment", "text": "Premises and Equipment"},
        {"value": "employees", "text": "Employees"},
        {"value": "protection", "text": "Protection"}
      ],
      "cap": [
        {"value": "management", "text": "Management"},
        {"value": "employees", "text": "Employees"},
        {"value": "equipment", "text": "Equipment"},
        {"value": "safetyOrganization", "text": "Safety Organization"},
        {"value": "dispersionValuesInsured" , "text": "Dispersion or Concentration of Values Insured"}
      ],
      "wcp": [
        {"value": "premises", "text": "Premises"},
        {"value": "classificationPeculiarities", "text": "Classification Peculiarities"},
        {"value": "medicalFacilities", "text": "Medical Facilities"},
        {"value": "safetyDevices", "text": "Safety Devices"},
        {"value": "employees", "text": "Employees"},
        {"value": "managementCooperationWithInsuranceCarrier", "text": "Management: Cooperation With Insurance Carrier"},
        {"value": "managementSafetyOrganization", "text": "Management: Safety Organization"}
      ]
    },
    "SD": {
      "bpp": [
        {"value": "management", "text": "Management"},
        {"value": "location", "text": "Location"},
        {"value": "buildingFeatures", "text": "Building Features"},
        {"value": "premisesAndEquipment", "text": "Premises and Equipment"},
        {"value": "employees", "text": "Employees"},
        {"value": "protection", "text": "Protection"}
      ],
      "cap": [
        {"value": "management", "text": "Management"},
        {"value": "employees", "text": "Employees"},
        {"value": "equipment", "text": "Equipment"},
        {"value": "safetyOrganization", "text": "Safety Organization"},
        {"value": "dispersionValuesInsured" , "text": "Dispersion or Concentration of Values Insured"}
      ],
      "wcp": [
        {"value": "premises", "text": "Premises"},
        {"value": "classificationPeculiarities", "text": "Classification Peculiarities"},
        {"value": "medicalFacilities", "text": "Medical Facilities"},
        {"value": "safetyDevices", "text": "Safety Devices"},
        {"value": "employees", "text": "Employees"},
        {"value": "managementCooperationWithInsuranceCarrier", "text": "Management: Cooperation With Insurance Carrier"},
        {"value": "managementSafetyOrganization", "text": "Management: Safety Organization"}
      ]
    },
    "TN": {
      "bpp": [
        {"value": "management", "text": "Management"},
        {"value": "location", "text": "Location"},
        {"value": "buildingFeatures", "text": "Building Features"},
        {"value": "premisesAndEquipment", "text": "Premises and Equipment"},
        {"value": "employees", "text": "Employees"},
        {"value": "protection", "text": "Protection"}
      ],
      "cap": [
        {"value": "management", "text": "Management"},
        {"value": "employees", "text": "Employees"},
        {"value": "equipment", "text": "Equipment"},
        {"value": "safetyOrganization", "text": "Safety Organization"},
        {"value": "dispersionValuesInsured" , "text": "Dispersion or Concentration of Values Insured"}
      ],
      "wcp": [
        {"value": "premises", "text": "Premises"},
        {"value": "classificationPeculiarities", "text": "Classification Peculiarities"},
        {"value": "medicalFacilities", "text": "Medical Facilities"},
        {"value": "safetyDevices", "text": "Safety Devices"},
        {"value": "employees", "text": "Employees"},
        {"value": "managementCooperationWithInsuranceCarrier", "text": "Management: Cooperation With Insurance Carrier"},
        {"value": "managementSafetyOrganization", "text": "Management: Safety Organization"}
      ]
    },
    "TX": {
      "bpp": [
        {"value": "management", "text": "Management"},
        {"value": "location", "text": "Location"},
        {"value": "buildingFeatures", "text": "Building Features"},
        {"value": "premisesAndEquipment", "text": "Premises and Equipment"},
        {"value": "employees", "text": "Employees"},
        {"value": "protection", "text": "Protection"}
      ],
      "cap": [
        {"value": "management", "text": "Management"},
        {"value": "employees", "text": "Employees"},
        {"value": "equipment", "text": "Equipment"},
        {"value": "safetyOrganization", "text": "Safety Organization"},
        {"value": "dispersionValuesInsured" , "text": "Dispersion or Concentration of Values Insured"}
      ],
      "wcp": [
        {"value": "premises", "text": "Premises"},
        {"value": "classificationPeculiarities", "text": "Classification Peculiarities"},
        {"value": "medicalFacilities", "text": "Medical Facilities"},
        {"value": "safetyDevices", "text": "Safety Devices"},
        {"value": "employees", "text": "Employees"},
        {"value": "managementCooperationWithInsuranceCarrier", "text": "Management: Cooperation With Insurance Carrier"},
        {"value": "managementSafetyOrganization", "text": "Management: Safety Organization"}
      ]
    }
  },
  "modifier_building_features_justifications": [
    {"value": "Condition, housekeeping and maintenance of property" , "text": "Condition, housekeeping and maintenance of property"},
    {"value": "Building Premises Designed for occupancy" , "text": "Building Premises Designed for occupancy"},
    {"value": "Scheduled preventative maintenance" , "text": "Scheduled preventative maintenance"},
    {"value": "Hazard Warnings Posted" , "text": "Hazard Warnings Posted"},
    {"value": "Accessibility to Property" , "text": "Accessibility to Property"},
    {"value": "Building/Life Safety Standards Met" , "text": "Building/Life Safety Standards Met"},
    {"value": "High Occupancy rate and/or low turnover rate" , "text": "High Occupancy rate and/or low turnover rate"},
    {"value": "No External Exposures" , "text": "No External Exposures"},
    {"value": "Property not designed for current occupancy" , "text": "Property not designed for current occupancy"},
    {"value": "Lack of formal maintenance program" , "text": "Lack of formal maintenance program"},
    {"value": "Lack of accessibility property" , "text": "Lack of accessibility property"},
    {"value": "Habitational exposures on upper floors" , "text": "Habitational exposures on upper floors"},
    {"value": "Low Occupancy and/or high turnover rate" , "text": "Low Occupancy and/or high turnover rate"},
    {"value": "External Exposures" , "text": "External Exposures"}
  ],
  "modifier_employees_justifications": [
    {"value": "Debit for driver paid by load or mile", "text": "Debit for driver paid by load or mile"},
    {"value": "Debit for high turnover", "text": "Debit for high turnover"},
    {"value": "Debit for unfamiliar with routes traveled", "text": "Debit for unfamiliar with routes traveled"},
    {"value": "Credit for low turnover/long-term employees", "text": "Credit for low turnover/long-term employees"},
    {"value": "Credit for knowledge of routes and the area where the vehicles are being operated", "text": "Credit for knowledge of routes and the area where the vehicles are being operated"},
    {"value": "Credit for more than 5 years' experience driving similar", "text": "Credit for more than 5 years' experience driving similar"},
    {"value": "Debit for no formal written hiring criteria", "text": "Debit for no formal written hiring criteria"},
    {"value": "Credit for formal training program", "text": "Credit for formal training program"},
    {"value": "Credit for drivers paid by the hour", "text": "Credit for drivers paid by the hour"}
  ],
  "modifier_equipment_justifications": [
    {"value": "Type", "text": "Type"},
    {"value": "Condition", "text": "Condition"},
    {"value": "Servicing", "text": "Servicing"},
    {"value": "Safety Equipment", "text": "Safety Equipment"},
    {"value": "Driver's reports on condition", "text": "Driver's reports on condition"}
  ]
}
