{"sfgQuestions":{"q945":{"o":[{"value":456,"text":"Yes","r":"F"},{"value":457,"text":"No","r":"N"}],"qt":"Any current or prior insurance with this company?","qy":"D","order":9450,"d":457},"q948":{"o":[{"value":462,"text":"Yes","r":"F"},{"value":463,"text":"No","r":"N"}],"qt":"Any operation or owned, leased or rented property not covered by this policy? (please describe in the remarks section)","qy":"D","order":9480,"d":463},"q950":{"o":[{"value":466,"text":"Yes","r":"F"},{"value":467,"text":"No","r":"N"}],"qt":"Any policy or coverage declined, cancelled or non-renewed during the prior 3 years?","qy":"D","order":9500,"d":467},"q951":{"o":[{"value":469,"text":"No","r":"N"},{"value":468,"text":"Yes","r":"F"}],"d":469,"qt":"Any product manufactured or sold under the applicant's name?","qy":"D","order":9510},"q953":{"o":[{"value":472,"text":"Yes","r":"F"},{"value":473,"text":"No","r":"N"}],"qt":"Are any foreign operations or foreign products distributed in the USA or USA products sold or distributed in foreign countries?","qy":"D","order":9530,"d":473},"q954":{"o":[{"value":475,"text":"No","r":"N"},{"value":474,"text":"Yes","r":"F"}],"d":475,"qt":"Are any of the buildings under construction?","qy":"D","order":9540},"q955":{"o":[{"value":476,"text":"Yes","r":"F"},{"value":477,"text":"No","r":"N"}],"qt":"Are any of the buildings vacant?","qy":"D","order":9550,"d":477},"q956":{"o":[{"value":478,"text":"Yes","r":"J"},{"value":479,"text":"No","r":"N"}],"qt":"Are any products used or installed in aircraft?","qy":"D","order":9560,"d":479},"q958":{"o":[{"value":482,"text":"Yes","r":"F"},{"value":483,"text":"No","r":"N"}],"qt":"Are there any High Hazardous Exposures in the building such as; public amusement, manufacturing, or painting (open-air or non-UL approved spray booth)?","qy":"D","order":9580,"d":483},"q962":{"o":[{"value":490,"text":"Yes","r":"F"},{"value":491,"text":"No","r":"N"}],"qt":"Describe any location/business interest owned/operated by applicant but not listed (go to remarks to describe)","qy":"D","order":9620,"d":491},"q965":{"o":[{"value":497,"text":"No","r":"N"},{"value":496,"text":"Yes","r":"F"}],"d":497,"qt":"Do employees regularly use their own autos on company business?","qy":"D","order":9650},"q969":{"o":[{"value":504,"text":"Yes","r":"F"},{"value":505,"text":"No","r":"N"}],"qt":"Do you rent or loan equipment to others?","qy":"D","order":9690,"d":505},"q977":{"o":[{"value":521,"text":"No","r":"N"},{"value":520,"text":"Yes","r":"J"}],"d":521,"qt":"During the last 5 years, has any applicant been convicted of any degree of the crime of arson?","qy":"D","order":9770},"q978":{"o":[{"value":522,"text":"Yes","r":"J"},{"value":523,"text":"No","r":"N"}],"qt":"Has applicant had a foreclosure, repossession, bankruptcy, judgment or lien during the past 5 years?","qy":"D","order":9780,"d":523},"q979":{"o":[{"value":524,"text":"Yes","r":"F"},{"value":525,"text":"No","r":"N"}],"qt":"Has the applicant had any product liability losses in the past three (3) years?","qy":"D","order":9790,"d":525},"q985":{"o":[{"value":536,"text":"Yes","r":"N"},{"value":537,"text":"No","r":"N"}],"d":537,"qt":"Is there a formal, written safety and security policy in effect?","qy":"D","order":9850},"q993":{"o":[{"value":552,"text":"Yes","r":"F"},{"value":553,"text":"No","r":"N"}],"qt":"Is there any work done in or around oil or gas refineries?","qy":"D","order":9930,"d":553}}}