{
  "submissionSteps": [
    [{
        "label": "Waiting to Start"
      },
      {
        "label": "Step 2 of 14"
      },
      {
        "label": "Step 3 of 14"
      },
      {
        "label": "Step 4 of 14"
      },
      {
        "label": "Step 5 of 14"
      },
      {
        "label": "Step 6 of 14"
      }
    ],
    [{
        "label": "Step 7 of 14"
      },
      {
        "label": "Step 8 of 14"
      },
      {
        "label": "Step 9 of 14"
      }
    ],
    [{
        "label": "Step 10 of 14"
      },
      {
        "label": "Step 11 of 14"
      }
    ],
    [{
        "label": "Step 12 of 14"
      },
      {
        "label": "Step 13 of 14"
      }
    ],
    [{
      "label": ""
    }]
  ]
}
