{"wcpQuestions":{"q1000":{"o":[{"value":566,"text":"Yes","r":"N"},{"value":567,"text":"No","r":"F"}],"d":566,"qt":"Has the insured had prior WC coverage in force for at least 2 years?","qy":"D","order":10000},"q1001":{"o":[{"value":568,"text":"Yes","r":"F"},{"value":569,"text":"No","r":"N"}],"qt":"Does the insured have less than 3 employees? ","qy":"D","order":10010,"d":569},"q1002":{"o":[{"value":570,"text":"Yes","r":"F"},{"value":571,"text":"No","r":"N"}],"qt":"Any work sublet without certificates of insurance?","qy":"D","order":10020,"d":571},"q1003":{"o":[{"value":573,"text":"No","r":"N"},{"value":572,"text":"Yes","r":"F"}],"d":573,"qt":"Any employees under 16 years old?","qy":"D","order":10030},"q1004":{"o":[{"value":574,"text":"Yes","r":"F"},{"value":575,"text":"No","r":"N"}],"qt":"Is there any volunteer or donated labor?","qy":"D","order":10040,"d":575},"q1005":{"o":[{"value":577,"text":"No","r":"N"},{"value":576,"text":"Yes","r":"F"}],"d":577,"qt":"Do any employees travel out of state?","qy":"D","order":10050},"q1006":{"o":[{"value":578,"text":"Yes","r":"N"},{"value":579,"text":"No","r":"F"}],"d":578,"qt":"Are employee health plans provided?","qy":"D","order":10060},"q1007":{"o":[{"value":580,"text":"Yes","r":"F"},{"value":581,"text":"No","r":"N"}],"qt":"Do any employees perform work for other businesses or subsidiaries?","qy":"D","order":10070,"d":581},"q1008":{"o":[{"value":582,"text":"Yes","r":"F"},{"value":583,"text":"No","r":"N"}],"qt":"Do you lease employees to or from other employers?","qy":"D","order":10080,"d":583}}}