{
  "propDed1000msg1": "Based on total building limits the wind/hail deductible must be a flat deductible between $2,500 and $10,000.",
  "propDed1000msg2": "Based on total building limits the wind/hail deductible must equal 5%, or a flat deductible between $2,500 and $25,000.",
  "propDed1000msg3": "Based on the total building limits the wind/hail deductible cannot be equal to $1,000.",
  "propDed2500msg1": "Based on total building limits the wind/hail deductible must be a flat deductible between $5,000 and $25,000.",
  "propDed2500msg2": "Based on total building limits the wind/hail deductible must be 5% or a flat deductible greater than or equal to $5,000",
  "propDed2500msg3": "Based on total building limits the wind/hail deductible cannot be 1% or a flat deductible less than $5,000.",
  "propDed2500msg4": "Based on the total building limits the wind/hail deductible cannot be equal to $1,000 or $2,500.",
  "propDed5000msg1": "Based on the total building limits the allowed values for wind/hail deductible are between $7,500 and $25,000.",
  "propDed5000msg2": "Based on total building limits the wind/hail deductible must equal 5%, or a flat deductible of $7,500 or greater.",
  "propDed5000msg3": "Based on total building limits the wind/hail deductible cannot be 1%, or a flat deductible less than $7,500.",
  "propDed5000msg4": "Based on total building limits the wind/hail deductible cannot be $1,000, $2,500 or $5,000.",
  "propDed7500msg1": "Based on the total building limits the allowed values for wind/hail deductible are $10,000 or $25,000.",
  "propDed7500msg2": "Based on total building limits the wind/hail deductible must equal 5%, or a flat deductible of $10,000 or greater.",
  "propDed7500msg3": "Based on total building limits the wind/hail deductible cannot be 1%, or a flat deductible less than $10,000.",
  "propDed7500msg4": "Based on total building limits the wind/hail deductible must be a percentage or a flat deductible greater than or equal to $10,000.",
  "propDed10000msg1": "Based on the total building limits the only allowed value for wind/hail deductible is $25,000.",
  "propDed10000msg2": "Based on total building limits the wind/hail deductible must equal 5%, or a flat deductible of $25,000 or greater.",
  "propDed10000msg3": "Based on total building limits the wind/hail deductible cannot be 1%, or a flat deductible less than $25,000.",
  "propDed10000msg4": "Based on total building limits the wind/hail deductible must be a percentage or a flat deductible greater than or equal to $25,000.",
  "roofAreaMsg": "Due to the total roof area of all buildings the wind/hail deductible must be a percentage or a flat deductible greater than or equal to ",
  "countyRequired": "Risks located in XX county require a wind/hail deductible",
  "eastOf95LowPercent": "Due to the total roof area of all buildings the wind/hail deductible must be a percentage greater than or equal to 2%. Please choose a different amount.",
  "eastOf95HighPercent": "Due to the total roof area of all buildings the wind/hail deductible must be 5%."
}
